station,station_clean,row_count,mapped_station,score,include_station,remarks
KENNEDY BD STATION,KENNEDY BD,9893,Kennedy,95,1,BD is for Bloor Danforth
FINCH STATION,FINCH,9467,Finch,100,1,
KIPLING STATION,KIPLING,9436,Kipling,100,1,
BLOOR STATION,BLOOR,7306,Bloor–Yonge,90,1,
EGLINTON STATION,EGLINTON,6628,Eglinton,100,1,
WARDEN STATION,WARDEN,5629,Warden,100,1,
WILSON STATION,WILSON,5480,Wilson,100,1,
SHEPPARD WEST STATION,SHEPPARD WEST,5083,Sheppard West,100,1,
VICTORIA PARK STATION,VICTORIA PARK,4750,Victoria Park,100,1,
KEELE STATION,KEELE,4622,Keele,100,1,
ISLINGTON STATION,ISLINGTON,4483,Islington,100,1,
VAUGHAN MC STATION,VAUGHAN MC,4388,Vaughan,95,1,
DUNDAS STATION,DUNDAS,4383,Dundas West,90,1,
YONGE BD STATION,YONGE BD,4381,Sheppard–Yonge,86,1,BD is for Bloor-Danforth
YONGE UNIVERSITY LINE,YONGE UNIVERSITY LINE,4245,Sheppard–Yonge,86,1,
COXWELL STATION,COXWELL,4130,Coxwell,100,1,
UNION STATION,UNION,4076,Union,100,1,
ST GEORGE YUS STATION,ST GEORGE YUS,4017,St. George,95,1,YUS is for Yonge University
DAVISVILLE STATION,DAVISVILLE,3831,Davisville,100,1,
ST CLAIR WEST STATION,ST CLAIR WEST,3761,St. Clair West,96,1,
ST GEORGE BD STATION,ST GEORGE BD,3552,St. George,95,1,BD is for Bloor Danforth
YORK MILLS STATION,YORK MILLS,3470,York Mills,100,1,
LAWRENCE STATION,LAWRENCE,3387,Lawrence,100,1,
ST CLAIR STATION,ST CLAIR,3323,St. Clair,95,1,
COLLEGE STATION,COLLEGE,3185,College,100,1,
SHEPPARD STATION,SHEPPARD,3167,Sheppard–Yonge,90,1,
JANE STATION,JANE,3118,Jane,100,1,
WELLESLEY STATION,WELLESLEY,3098,Wellesley,100,1,
DUNDAS WEST STATION,DUNDAS WEST,3048,Dundas West,100,1,
GREENWOOD STATION,GREENWOOD,3024,Greenwood,100,1,
QUEEN STATION,QUEEN,2915,Queen,100,1,
BROADVIEW STATION,BROADVIEW,2841,Broadview,100,1,
MAIN STREET STATION,MAIN STREET,2764,Main Street,100,1,
OSSINGTON STATION,OSSINGTON,2740,Ossington,100,1,
SPADINA BD STATION,SPADINA BD,2696,Spadina,95,1,BD is for Bloor Danforth
BLOOR DANFORTH SUBWAY,BLOOR DANFORTH SUBWAY,2628,Bloor–Yonge,86,1,
EGLINTON WEST STATION,EGLINTON WEST,2591,Eglinton,90,1,
BATHURST STATION,BATHURST,2566,Bathurst,100,1,
ROYAL YORK STATION,ROYAL YORK,2454,Royal York,100,1,
PAPE STATION,PAPE,2431,Pape,100,1,
ROSEDALE STATION,ROSEDALE,2431,Rosedale,100,1,
DONLANDS STATION,DONLANDS,2427,Donlands,100,1,
CHRISTIE STATION,CHRISTIE,2414,Christie,100,1,
WOODBINE STATION,WOODBINE,2403,Woodbine,100,1,
DON MILLS STATION,DON MILLS,2401,Don Mills,100,1,
SHERBOURNE STATION,SHERBOURNE,2383,Sherbourne,100,1,
OLD MILL STATION,OLD MILL,2295,Old Mill,100,1,
LAWRENCE WEST STATION,LAWRENCE WEST,2248,Lawrence West,100,1,
SPADINA YUS STATION,SPADINA YUS,2235,Spadina,90,1,YUS is Yonge University
DUPONT STATION,DUPONT,2156,Dupont,100,1,
YORKDALE STATION,YORKDALE,2146,Yorkdale,100,1,
KING STATION,KING,2121,King,100,1,
DUFFERIN STATION,DUFFERIN,2099,Dufferin,100,1,
NORTH YORK CTR STATION,NORTH YORK CTR,2017,North York Centre,90,1,
MCCOWAN STATION,MCCOWAN,1923,Jane,60,0,station closed
YONGE-UNIVERSITY AND B,YONGE-UNIVERSITY AND B,1877,Sheppard–Yonge,86,1,
BAY STATION,BAY,1859,Bay,100,1,
CHESTER STATION,CHESTER,1765,Chester,100,1,
QUEEN'S PARK STATION,QUEEN'S PARK,1739,Queen's Park,100,1,
ST PATRICK STATION,ST PATRICK,1732,St. Patrick,95,1,
SUMMERHILL STATION,SUMMERHILL,1695,Summerhill,100,1,
SHEPPARD-YONGE STATION,SHEPPARD-YONGE,1656,Sheppard–Yonge,100,1,
HIGH PARK STATION,HIGH PARK,1617,High Park,100,1,
CASTLE FRANK STATION,CASTLE FRANK,1616,Castle Frank,100,1,
ST ANDREW STATION,ST ANDREW,1605,St. Andrew,95,1,
MUSEUM STATION,MUSEUM,1585,Museum,100,1,
OSGOODE STATION,OSGOODE,1553,Osgoode,100,1,
GLENCAIRN STATION,GLENCAIRN,1504,Glencairn,100,1,
LANSDOWNE STATION,LANSDOWNE,1463,Lansdowne,100,1,
KENNEDY SRT STATION,KENNEDY SRT,1430,Kennedy,90,1,
RUNNYMEDE STATION,RUNNYMEDE,1392,Runnymede,100,1,
YONGE SHP STATION,YONGE SHP,1331,Sheppard–Yonge,86,1,
LESLIE STATION,LESLIE,1261,Leslie,100,1,
FINCH WEST STATION,FINCH WEST,1161,Finch West,100,1,
BAYVIEW STATION,BAYVIEW,1115,Bayview,100,1,
YUS/BD/SHEPPARD SUBWAY,YUS/BD/SHEPPARD SUBWAY,1074,Sheppard–Yonge,86,1,
HIGHWAY 407 STATION,HIGHWAY 407,954,Highway 407,100,1,
PIONEER VILLAGE STATIO,PIONEER VILLAGE,875,Pioneer Village,100,1,
LAWRENCE EAST STATION,LAWRENCE EAST,794,Lawrence West,92,1,
DOWNSVIEW PARK STATION,DOWNSVIEW PARK,792,Downsview Park,100,1,
GREENWOOD YARD,GREENWOOD YARD,701,Greenwood,90,,
TORONTO TRANSIT COMMIS,TORONTO TRANSIT COMMIS,658,Tobermory,55,,
BESSARION STATION,BESSARION,652,Bessarion,100,1,
YORK UNIVERSITY STATIO,YORK UNIVERSITY,618,York University,100,1,
SCARB CTR STATION,SCARB CTR,541,St. Clair West,52,0,station closed (SRT line)
VMC STATION,VMC,533,Vaughan,60,1,VMC stand for Vaughan Metropolitan Centre
MIDLAND STATION,MIDLAND,503,Milvan Rumike,69,,
SCARBOROUGH CTR STATIO,SCARBOROUGH CTR,491,St. Clair,55,0,station closed
ELLESMERE STATION,ELLESMERE,455,Emery,72,0,station closed
KENNEDY SRT STATION TO,KENNEDY SRT TO,359,Kennedy,90,0,
WILSON YARD,WILSON YARD,346,Wilson,90,,
SCARBOROUGH RAPID TRAN,SCARBOROUGH RAPID TRAN,292,Jane,60,,
DAVISVILLE YARD,DAVISVILLE YARD,278,Davisville,90,,
WILSON HOSTLER,WILSON HOSTLER,248,Wilson,90,,
MCCOWAN STATION TO KEN,MCCOWAN TO KEN,225,Kennedy,54,,
GREENWOOD WYE,GREENWOOD WYE,164,Greenwood,95,0,in between station to allow train to go to Greenwood Subway Yard
BLOOR DANFORTH LINE,BLOOR DANFORTH LINE,143,Bloor–Yonge,86,,
YONGE UNIVERSITY SUBWA,YONGE UNIVERSITY SUBWA,143,Sheppard–Yonge,86,,
WILSON CARHOUSE,WILSON CARHOUSE,129,Wilson,90,,
GREENWOOD CARHOUSE,GREENWOOD CARHOUSE,122,Greenwood,90,,
SRT LINE,SRT LINE,112,Sentinel,62,,
MCCOWAN YARD,MCCOWAN YARD,99,Laird,68,,
KEELE YARD,KEELE YARD,89,Keele,90,,
TMU STATION,TMU,88,TMU,100,1,
DAVISVILLE HOSTLER,DAVISVILLE HOSTLER,76,Davisville,90,,
KENNEDY STATION,KENNEDY,70,Kennedy,100,1,
GREENWOOD PORTAL,GREENWOOD PORTAL,68,Greenwood,90,,
YONGE/UNIVERSITY AND B,YONGE/UNIVERSITY AND B,67,Sheppard–Yonge,86,,
SPADINA STATION,SPADINA,58,Spadina,100,1,
KENNEDY SRT TO LAWRENC,KENNEDY SRT TO LAWRENC,56,Kennedy,90,,
DAVISVILLE BUILD UP,DAVISVILLE BUILD UP,53,Davisville,90,,
EGLINTON STATION (MIGR,EGLINTON (MIGR,53,Eglinton,90,,
YONGE-UNIVERSITY SUBWA,YONGE-UNIVERSITY SUBWA,53,Sheppard–Yonge,86,,
CEDARVALE YU STATION,CEDARVALE YU,52,Cedarvale,95,1,YU?
YONGE UNIVERSITY AND B,YONGE UNIVERSITY AND B,51,Sheppard–Yonge,86,,
UNION STATION TO KING,UNION TO KING,50,King,90,,
LINE 1 YONGE UNIVERSIT,LINE 1 YONGE UNIVERSIT,47,Sheppard–Yonge,86,,
EGLINTON STATION (APPR,EGLINTON (APPR,46,Eglinton,90,,
UNION STATION TO ST AN,UNION TO ST AN,44,Union,90,,
DAVISVILLE CARHOUSE,DAVISVILLE CARHOUSE,42,Davisville,90,,
DANFORTH DIVISION,DANFORTH DIVISION,41,Union,68,,
YONGE SHEP STATION,YONGE SHEP,40,Sheppard–Yonge,79,,
LINE 1 - YONGE UNIVERS,LINE 1 - YONGE UNIVERS,39,Sheppard–Yonge,86,,
LINE 2 BLOOR DANFORTH,LINE 2 BLOOR DANFORTH,37,Bloor–Yonge,86,,
YONGE STATION,YONGE,36,Sheppard–Yonge,90,1,
YONGE-UNIVERSITY LINE,YONGE-UNIVERSITY LINE,31,Sheppard–Yonge,86,,
LINE 1 - YONGE-UNIVERS,LINE 1 - YONGE-UNIVERS,30,Sheppard–Yonge,86,,
YU/DB/SHEPPARD SUBWAY,YU/DB/SHEPPARD SUBWAY,30,Sheppard–Yonge,86,,
GREENWOOD SHOP,GREENWOOD SHOP,29,Greenwood,90,,
YONGE UNIVERSITY SPADI,YONGE UNIVERSITY SPADI,29,Sheppard–Yonge,86,,
YUS/BD/SEPPARD SUBWAY,YUS/BD/SEPPARD SUBWAY,29,Bay,72,,
SHEPPARD LINE,SHEPPARD LINE,28,Sheppard–Yonge,81,,
TRANSIT CONTROL CENTRE,TRANSIT CONTROL CENTRE,26,North York Centre,62,,
GUNN BUILDING,GUNN BUILDING,25,King,77,,
NORTH YORK CENTRE STAT,NORTH YORK CENTRE STAT,24,North York Centre,95,1,
LAWRENCE EAST TO KENNE,LAWRENCE EAST TO KENNE,23,Lawrence,90,,
LINE 3 - SCARBOROUGH R,LINE 3 - SCARBOROUGH R,23,Albion,60,,
DAVISVILLE BUILD-UP,DAVISVILLE BUILD-UP,22,Davisville,90,,
BLOOR-DANFORTH LINE,BLOOR-DANFORTH LINE,21,Bloor–Yonge,86,,
GREENWOOD SHOPS,GREENWOOD SHOPS,21,Greenwood,90,,
MCBRIEN BUILDING,MCBRIEN BUILDING,21,King,77,,
YONGE AND BLOOR,YONGE AND BLOOR,21,Bloor–Yonge,95,1,
EGLINTON MIGRATION,EGLINTON MIGRATION,19,Eglinton,90,,
KENNEDY SRT TO LAWREN,KENNEDY SRT TO LAWREN,19,Kennedy,90,,
ST. GEORGE STATION,ST. GEORGE,19,St. George,100,1,
UNION TO ST ANDREW,UNION TO ST ANDREW,19,Union,90,,
YONGE-UNIVERSITY & BLO,YONGE-UNIVERSITY & BLO,19,Sheppard–Yonge,86,,
DAVISVILLE BUILDUP,DAVISVILLE BUILDUP,17,Davisville,90,,
UNION STATION (TO KING,UNION (TO KING,17,King,90,,
EGLINTON (MIGRATION),EGLINTON (MIGRATION),16,Eglinton,90,,
LINE 1,LINE 1,16,Signet Arrow,60,,
LINE 3 SCARBOROUGH SRT,LINE 3 SCARBOROUGH SRT,16,Albion,60,,
ST GEORGE STATION,ST GEORGE,16,St. George,95,1,
FINCH TO EGLINTON STAT,FINCH TO EGLINTON STAT,15,Finch,90,,
BAY LOWER,BAY LOWER,14,Bay,90,,
SHEPPARD WEST TO WILSO,SHEPPARD WEST TO WILSO,14,Sheppard West,90,,
ST GEORGE YU STATION,ST GEORGE YU,14,St. George,95,1,YU?
TRANSIT CONTROL,TRANSIT CONTROL,14,O'Connor,61,,
LAWRENCE TO ST CLAIR S,LAWRENCE TO ST CLAIR S,13,Lawrence,90,,
MCCOWAN CARHOUSE,MCCOWAN CARHOUSE,13,Museum,60,,
UNION TO KING,UNION TO KING,13,King,90,,
VICTORIA PARK TO KENNE,VICTORIA PARK TO KENNE,13,Victoria Park,90,,
LINE 1- YONGE UNIVERSI,LINE 1- YONGE UNIVERSI,12,Sheppard–Yonge,86,,
LINE 2 - BLOOR-DANFORT,LINE 2 - BLOOR-DANFORT,12,Bloor–Yonge,86,,
ST. CLAIR STATION,ST. CLAIR,12,St. Clair,100,1,
UNION STATION TOWARDS,UNION TOWARDS,12,Union,90,,
WILSON DIVISION,WILSON DIVISION,12,Wilson,90,,
INGLIS BUILDING,INGLIS BUILDING,11,King,77,,
LINE 1 YONGE-UNIVERSIT,LINE 1 YONGE-UNIVERSIT,11,Sheppard–Yonge,86,,
LINE 2 - BLOOR - DANFO,LINE 2 - BLOOR - DANFO,11,Bloor–Yonge,86,,
OSSINGTON CENTRE TRACK,OSSINGTON CENTRE TRACK,11,Ossington,90,,
QUEENS PARK STATION,QUEENS PARK,11,Queen's Park,96,1,
ST CLAIR STATION TO SH,ST CLAIR TO SH,11,St. Clair,86,,
ST. ANDREW STATION,ST. ANDREW,11,St. Andrew,100,1,
SYSTEM WIDE,SYSTEM WIDE,11,TMU,60,,
WILSON SOUTH HOSTLER,WILSON SOUTH HOSTLER,11,Wilson,90,,
YONGE-UNIVERSITY/BLOOR,YONGE-UNIVERSITY/BLOOR,11,Sheppard–Yonge,86,,
YORK MILLS STATION (AP,YORK MILLS (AP,11,York Mills,95,1,
EGLINTON MIGRATION POI,EGLINTON MIGRATION POI,10,Eglinton,90,,
FINCH STATION TO EGLIN,FINCH TO EGLIN,10,Finch,90,,
KIPLING STATION (APPRO,KIPLING (APPRO,10,Kipling,90,,
SHEPPARD WEST MIGRATIO,SHEPPARD WEST MIGRATIO,10,Sheppard West,90,,
ST. CLAIR WEST STATION,ST. CLAIR WEST,10,St. Clair West,100,1,
UNION TO KING STATION,UNION TO KING,10,King,90,,
YONGE- UNIVERSITY AND,YONGE- UNIVERSITY AND,10,Sheppard–Yonge,86,,
BLOOR DANFORTH LINE 2,BLOOR DANFORTH LINE 2,9,Bloor–Yonge,86,,
BLOOR-DANFORTH SUBWAY,BLOOR-DANFORTH SUBWAY,9,Bloor–Yonge,86,,
EGLINTON TO BLOOR STAT,EGLINTON TO BLOOR STAT,9,Eglinton,90,,
GREENWOOD COMPLEX,GREENWOOD COMPLEX,9,Greenwood,90,,
KENNEDY TO LAWRENCE EA,KENNEDY TO LAWRENCE EA,9,Lawrence,90,,
LINE 1 - YONGE - UNIVE,LINE 1 - YONGE - UNIVE,9,Sheppard–Yonge,86,,
SHEPPARD WEST TO ST CL,SHEPPARD WEST TO ST CL,9,Sheppard West,90,,
UNION TO KING STATIONS,UNION TO KINGS,9,King,90,,
YONGE-UNIVERSITY-SPADI,YONGE-UNIVERSITY-SPADI,9,Sheppard–Yonge,86,,
YONGE/UNIVERSITY LINE,YONGE/UNIVERSITY LINE,9,Sheppard–Yonge,86,,
YORK MILLS TO ST CLAIR,YORK MILLS TO ST CLAIR,9,York Mills,90,,
GREENWOOD CAR HOUSE,GREENWOOD CAR HOUSE,8,Greenwood,90,,
KEELE TO HIGH PARK,KEELE TO HIGH PARK,8,High Park,90,,
KING STATION TO SPADIN,KING TO SPADIN,8,King,90,,
LINE 1 YUS,LINE 1 YUS,8,Albion,60,,
LINE 2 BLOOR-DANFORTH,LINE 2 BLOOR-DANFORTH,8,Bloor–Yonge,86,,
LINE 3 SCARBOROUGH,LINE 3 SCARBOROUGH,8,Albion,60,,
LINE 3 SRT,LINE 3 SRT,8,Albion,60,,
OSGOODE POCKET,OSGOODE POCKET,8,Osgoode,90,,
ST CLAIR TO LAWRENCE S,ST CLAIR TO LAWRENCE S,8,Lawrence,90,,
ST GEORGE TO BROADVIEW,ST GEORGE TO BROADVIEW,8,Broadview,90,,
UNION STATION (TO ST A,UNION (TO ST A,8,Union,90,,
UNION STATION TO ST. A,UNION TO ST. A,8,Union,90,,
UNION TO ST ANDREW STA,UNION TO ST ANDREW STA,8,Union,90,,
VICTORIA PARK TO WARDE,VICTORIA PARK TO WARDE,8,Victoria Park,90,,
WILSON GARAGE,WILSON GARAGE,8,Wilson,90,,
YONGE- UNIVERSITY SUBW,YONGE- UNIVERSITY SUBW,8,Sheppard–Yonge,86,,
YONGE/UNIVERSITY/SPADI,YONGE/UNIVERSITY/SPADI,8,Sheppard–Yonge,86,,
BROADVIEW CENTRE TRACK,BROADVIEW CENTRE TRACK,7,Broadview,90,,
FINCH STATION PLATFORM,FINCH PLATFORM,7,Finch,90,,
JANE TO OSSINGTON,JANE TO OSSINGTON,7,Jane,90,,
JANE TO OSSINGTON STAT,JANE TO OSSINGTON STAT,7,Jane,90,,
KENNEDY TO MCCOWAN,KENNEDY TO MCCOWAN,7,Kennedy,90,,
KENNEDY TO VICTORIA PA,KENNEDY TO VICTORIA PA,7,Kennedy,90,,
KIPLING TO ISLINGTON,KIPLING TO ISLINGTON,7,Kipling,90,,
KIPLING TO JANE STATIO,KIPLING TO JANE,7,Kipling,90,,
LINE 4,LINE 4,7,Signet Arrow,60,,
PIONEER VILLAGE TO VAU,PIONEER VILLAGE TO VAU,7,Pioneer Village,95,,
ST CLAIR WEST TO UNION,ST CLAIR WEST TO UNION,7,Union,90,,
SYSTEMWIDE,SYSTEMWIDE,7,TMU,60,,
UNION STATION - ST AND,UNION - ST AND,7,Union,90,,
WOODBINE TO KENNEDY,WOODBINE TO KENNEDY,7,Woodbine,90,,
YONGE UNIVESITY LINE,YONGE UNIVESITY LINE,7,Bloor–Yonge,86,,
BAY LOWER STATION,BAY LOWER,6,Bay,90,,
EGLINTON STATION TO CO,EGLINTON TO CO,6,Eglinton,90,,
FINCH TO SHEPPARD STAT,FINCH TO SHEPPARD STAT,6,Finch,90,,
KENNEDY BD STATION (AP,KENNEDY BD (AP,6,Kennedy,90,,
KING TO UNION,KING TO UNION,6,King,90,,
KIPLING STATION (ENTER,KIPLING (ENTER,6,Kipling,90,,
LINE 2- BLOOR DANFORTH,LINE 2- BLOOR DANFORTH,6,Bloor–Yonge,86,,
LINE 3,LINE 3,6,Signet Arrow,60,,
SCARBOROUGH CENTRE STA,SCARBOROUGH CENTRE STA,6,St. George,57,,
SHEPPARD STATION TO EG,SHEPPARD TO EG,6,Sheppard–Yonge,79,,
SHEPPARD TO EGLINTON S,SHEPPARD TO EGLINTON S,6,Eglinton,90,,
SHEPPARD WEST PORTAL,SHEPPARD WEST PORTAL,6,Sheppard West,90,,
SHEPPARD WEST TO FINCH,SHEPPARD WEST TO FINCH,6,Finch,90,,
ST CLAIR WEST TO ST AN,ST CLAIR WEST TO ST AN,6,St. Clair West,87,,
ST. PATRICK STATION,ST. PATRICK,6,St. Patrick,100,1,
UNION STATION (TOWARDS,UNION (TOWARDS,6,Union,90,,
UNION STATION TO FINCH,UNION TO FINCH,6,Finch,90,,
WILSON CAR HOUSE,WILSON CAR HOUSE,6,Wilson,90,,
WILSON TO SHEPPARD WES,WILSON TO SHEPPARD WES,6,Wilson,90,,
YONGE - UNIVERSITY AND,YONGE - UNIVERSITY AND,6,Sheppard–Yonge,86,,
YONGE UNIVERSITY/BLOOR,YONGE UNIVERSITY/BLOOR,6,Sheppard–Yonge,86,,
BROADVIEW STATION TO W,BROADVIEW TO W,5,Broadview,90,,
CHRISTIE STATION (APPR,CHRISTIE (APPR,5,Christie,90,,
DUNCAN SHOP,DUNCAN SHOP,5,Duncanwoods,64,,
DUPONT STATION (APPROA,DUPONT (APPROA,5,Dupont,90,,
EGLINTON BUS TERMINAL,EGLINTON BUS TERMINAL,5,Eglinton,90,,
EGLINTON TO FINCH,EGLINTON TO FINCH,5,Finch,90,,
FINCH STATION TO ST CL,FINCH TO ST CL,5,Finch,90,,
FINCH TO EGLINTON,FINCH TO EGLINTON,5,Finch,90,,
HARVEY SHOP,HARVEY SHOP,5,Warden,49,,
HIGH PARK TO KEELE,HIGH PARK TO KEELE,5,High Park,90,,
KENNEDY SRT STATION (A,KENNEDY SRT (A,5,Kennedy,90,,
KIPLING TO ISLINGTON S,KIPLING TO ISLINGTON S,5,Kipling,90,,
KIPLING TO KEELE,KIPLING TO KEELE,5,Kipling,90,,
LEASIDE STATION,LEASIDE,5,Leaside,100,1,
LYTTON EMERGENCY EXIT,LYTTON EMERGENCY EXIT,5,Emery,76,,
QUEENS QUAY STATION,QUEENS QUAY,5,Queen,90,,
SHEPPARD WYE,SHEPPARD WYE,5,Sheppard West,88,,
SPADINA YU STATION,SPADINA YU,5,Spadina,95,,
ST ANDREW TO ST GEORGE,ST ANDREW TO ST GEORGE,5,St. Clair,86,,
ST CLAIR WEST TO KING,ST CLAIR WEST TO KING,5,King,90,,
ST GEORGE TO WOODBINE,ST GEORGE TO WOODBINE,5,Woodbine,90,,
UNION STATION (ST ANDR,UNION (ST ANDR,5,Union,90,,
WARDEN TO KENNEDY,WARDEN TO KENNEDY,5,Warden,90,,
WILSON STATION (APPROA,WILSON (APPROA,5,Wilson,90,,
YONGE - UNIVERSITY LIN,YONGE - UNIVERSITY LIN,5,Sheppard–Yonge,86,,
YONGE / UNIVERSITY LIN,YONGE / UNIVERSITY LIN,5,Sheppard–Yonge,86,,
YORK MILLS CENTRE TRAC,YORK MILLS CENTRE TRAC,5,York Mills,90,,
ASQUITH SUBSTATION,ASQUITH SUBSTATION,4,Union,68,,
BLOOR TO EGLINTON,BLOOR TO EGLINTON,4,Eglinton,90,,
BROADVIEW TO WOODBINE,BROADVIEW TO WOODBINE,4,Broadview,90,,
CHESTER CENTRE TRACK,CHESTER CENTRE TRACK,4,Chester,90,,
DOWNSVIEW STATION,DOWNSVIEW,4,Downsview Park,90,,
EGLINTON STATION (LEAV,EGLINTON (LEAV,4,Eglinton,90,,
EGLINTON STATION TO SH,EGLINTON TO SH,4,Eglinton,90,,
FINCH TO ST CLAIR STAT,FINCH TO ST CLAIR STAT,4,Finch,90,,
ISLINGTON STATION (APP,ISLINGTON (APP,4,Islington,90,,
KEELE STATION - KIPLIN,KEELE - KIPLIN,4,Keele,90,,
KENNEDY SRT STATION (E,KENNEDY SRT (E,4,Kennedy,90,,
KENNEDY SRT STATION (L,KENNEDY SRT (L,4,Kennedy,90,,
KENNEDY STATION TO KIP,KENNEDY TO KIP,4,Kennedy,90,,
KING TO EGLINTON STATI,KING TO EGLINTON STATI,4,Eglinton,90,,
KIPLING STATION (PLATF,KIPLING (PLATF,4,Kipling,90,,
KIPLING STATION TO KEN,KIPLING TO KEN,4,Kipling,90,,
KIPLING TO ROYAL YORK,KIPLING TO ROYAL YORK,4,Kipling,90,,
LAWRENCE TO BLOOR STAT,LAWRENCE TO BLOOR STAT,4,Lawrence,90,,
LINE 1 - YONGE/UNIVERS,LINE 1 - YONGE/UNIVERS,4,Sheppard–Yonge,86,,
LINE 1 YONGE- UNIVERSI,LINE 1 YONGE- UNIVERSI,4,Sheppard–Yonge,86,,
ROYAL YORK STATION (AP,ROYAL YORK (AP,4,Royal York,95,,
SHEPPARD WEST TO LAWRE,SHEPPARD WEST TO LAWRE,4,Sheppard West,90,,
SOUTH HOSTLER,SOUTH HOSTLER,4,Chester,64,,
SPADINA TO ST ANDREW S,SPADINA TO ST ANDREW S,4,Spadina,90,,
ST CLAIR STATION (APPR,ST CLAIR (APPR,4,St. Clair,86,,
ST CLAIR TO YORK MILLS,ST CLAIR TO YORK MILLS,4,York Mills,90,,
TEDDINGTON EE,TEDDINGTON EE,4,King,68,,
TORONTO TRANSIT CONTRO,TORONTO TRANSIT CONTRO,4,O'Connor,61,,
TRACK LEVEL ACTIVITY,TRACK LEVEL ACTIVITY,4,Keele,54,,
VMC TO EGLINTON STATIO,VMC TO EGLINTON,4,Eglinton,90,,
WARDEN STATION (LEAVIN,WARDEN (LEAVIN,4,Warden,90,,
WARDEN TO VICTORIA PAR,WARDEN TO VICTORIA PAR,4,Warden,90,,
WILSON HOSLTER,WILSON HOSLTER,4,Wilson,90,,
WILSON NORTH HOSTLER,WILSON NORTH HOSTLER,4,Wilson,90,,
WILSON TRACK AND STRUC,WILSON TRACK AND STRUC,4,Wilson,90,,
WOODBINE STATION (APPR,WOODBINE (APPR,4,Woodbine,90,,
WOODBINE STATION (LEAV,WOODBINE (LEAV,4,Woodbine,90,,
YONGE -UNIVERSITY AND,YONGE -UNIVERSITY AND,4,Sheppard–Yonge,86,,
YONGE-UNIVERSITY,YONGE-UNIVERSITY,4,York University,84,,
YORK MILLS STATION (LE,YORK MILLS (LE,4,York Mills,95,,
BLOOR TO SHEPPARD STAT,BLOOR TO SHEPPARD STAT,3,Sheppard–Yonge,86,,
BLOOR VIADUCT,BLOOR VIADUCT,3,Bloor–Yonge,59,,
BROADVIEW TO ST GEORGE,BROADVIEW TO ST GEORGE,3,Broadview,90,,
CHESTER TO BROADVIEW,CHESTER TO BROADVIEW,3,Broadview,90,,
CHRISTIE TO PAPE STATI,CHRISTIE TO PAPE STATI,3,Christie,90,,
DAVISVILLE CAR HOUSE,DAVISVILLE CAR HOUSE,3,Davisville,90,,
DAVISVILLE TO EGLINTON,DAVISVILLE TO EGLINTON,3,Eglinton,90,,
DUPONT STATION (LEAVIN,DUPONT (LEAVIN,3,Dupont,90,,
DUPONT TO ST CLAIR WES,DUPONT TO ST CLAIR WES,3,Dupont,90,,
EA CLOSURE SHEPPARD WE,EA CLOSURE SHEPPARD WE,3,Sheppard–Yonge,86,,
EGLINTON STATION TO FI,EGLINTON TO FI,3,Eglinton,90,,
EGLINTON TO COLLEGE ST,EGLINTON TO COLLEGE ST,3,Eglinton,90,,
EGLINTON TO LAWRENCE,EGLINTON TO LAWRENCE,3,Lawrence,90,,
EGLINTON TO LAWRENCE S,EGLINTON TO LAWRENCE S,3,Lawrence,90,,
EGLINTON TO SHEPPARD S,EGLINTON TO SHEPPARD S,3,Eglinton,90,,
FINCH STATION (APPROAC,FINCH (APPROAC,3,Finch,90,,
FINCH WEST TO LAWRENCE,FINCH WEST TO LAWRENCE,3,Finch,90,,
FINCH WEST TO SHEPPARD,FINCH WEST TO SHEPPARD,3,Finch,90,,
GLENAYR EMERGENCY EXIT,GLENAYR EMERGENCY EXIT,3,Emery,76,,
GLENCARIN STATION,GLENCARIN,3,Glencairn,89,,
GREENWOOD TRACK AND ST,GREENWOOD TRACK AND ST,3,Greenwood,90,,
HIGH PARK TO KEELE STA,HIGH PARK TO KEELE STA,3,High Park,90,,
KENNEDY - LAWRENCE EAS,KENNEDY - LAWRENCE EAS,3,Lawrence,90,,
KENNEDY STATION TO LAW,KENNEDY TO LAW,3,Kennedy,90,,
KENNEDY TO KIPLING STA,KENNEDY TO KIPLING STA,3,Kipling,90,,
KENNEDY TO MCCOWAN STA,KENNEDY TO MCCOWAN STA,3,Kennedy,90,,
KING COMMERCE COURT,KING COMMERCE COURT,3,King,90,,
KING STATION (COMMERCE,KING (COMMERCE,3,King,90,,
KING STATION - COMMERC,KING - COMMERC,3,King,90,,
KIPLING STATION TO ISL,KIPLING TO ISL,3,Kipling,90,,
KIPLING STATION TO JAN,KIPLING TO JAN,3,Kipling,90,,
KIPLING TO JANE,KIPLING TO JANE,3,Kipling,90,,
KIPLING TO KENNEDY,KIPLING TO KENNEDY,3,Kipling,90,,
LINE 3 SCARBOROUGH RT,LINE 3 SCARBOROUGH RT,3,Albion,60,,
MACDONALD CARTIER EE,MACDONALD CARTIER EE,3,Christie,61,,
MC COWAN STATION,MC COWAN,3,Jane,60,,
MCCOWAN TO KENNEDY STA,MCCOWAN TO KENNEDY STA,3,Kennedy,90,,
MIGRATION POINT,MIGRATION POINT,3,Dupont,65,,
N/O DAVISVILLE TO N/O,N/O DAVISVILLE TO N/O,3,Davisville,90,,
PAPE TO ST GEORGE,PAPE TO ST GEORGE,3,Pape,90,,
QUEEN STATION - EAST S,QUEEN - EAST S,3,Queen,90,,
QUEEN'S QUAY - UNION,QUEEN'S QUAY - UNION,3,Queen,90,,
QUEEN'S QUAY STATION,QUEEN'S QUAY,3,Queen,90,,
SHEPPARD SUBWAY LINE,SHEPPARD SUBWAY LINE,3,Sheppard West,86,,
SHEPPARD TO ST CLAIR S,SHEPPARD TO ST CLAIR S,3,Sheppard–Yonge,86,,
SHEPPARD YONGE STATION,SHEPPARD YONGE,3,Sheppard–Yonge,100,1,
SHEPPARD-YONGE TAIL TR,SHEPPARD-YONGE TAIL TR,3,Sheppard–Yonge,90,,
SHERBOURNE STATION (EN,SHERBOURNE (EN,3,Sherbourne,95,,
SPADINA BD STATON,SPADINA BD STATON,3,Spadina,90,,
SRT LINE 3,SRT LINE 3,3,Sentinel,56,,
ST ANDREW TO SPADINA,ST ANDREW TO SPADINA,3,Spadina,90,,
ST GEORGE STATION TO W,ST GEORGE TO W,3,St. George,95,,
ST. CLAIR STATION TO S,ST. CLAIR TO S,3,St. Clair,90,,
SUBWAY CLOSURE: EARLY,SUBWAY CLOSURE: EARLY,3,Bay,68,,
SUBWAY CLOSURE: ST GEO,SUBWAY CLOSURE: ST GEO,3,St. Clair,86,,
SUBWAY OPS BUILDING,SUBWAY OPS BUILDING,3,King,77,,
UNION (TO ST ANDREW),UNION (TO ST ANDREW),3,Union,90,,
UNION STATION - KING,UNION - KING,3,King,90,,
UNION STATION TOWARD K,UNION TOWARD K,3,Union,90,,
UNION TO FINCH STATION,UNION TO FINCH,3,Finch,90,,
UNKNOWN LOCATION,UNKNOWN LOCATION,3,Union,68,,
VARIOUS,VARIOUS,3,Milvan Rumike,51,,
VARIOUS LOCATIONS,VARIOUS LOCATIONS,3,Union,60,,
VMC STATION (PLATFORM,VMC (PLATFORM,3,St. Patrick,50,,
WARDEN STATION (ENTERI,WARDEN (ENTERI,3,Warden,90,,
WILSON TO LAWRENCE WES,WILSON TO LAWRENCE WES,3,Lawrence,90,,
WOODBINE STATION (EXIT,WOODBINE (EXIT,3,Woodbine,90,,
WOODBINE STATION TO KE,WOODBINE TO KE,3,Woodbine,90,,
YONGE AND SHEPPARD,YONGE AND SHEPPARD,3,Sheppard–Yonge,95,,
YONGE UNIVERSITY - BLO,YONGE UNIVERSITY - BLO,3,Sheppard–Yonge,86,,
YONGE UNIVERSITY BLOOR,YONGE UNIVERSITY BLOOR,3,Sheppard–Yonge,86,,
YONGE UNIVERSTIY SUBWA,YONGE UNIVERSTIY SUBWA,3,Sheppard–Yonge,86,,
YONGE UNIVERSTY SUBWAY,YONGE UNIVERSTY SUBWAY,3,Sheppard–Yonge,86,,
YONGE/UNIVERSITY - BLO,YONGE/UNIVERSITY - BLO,3,Sheppard–Yonge,86,,
YONGE/UNIVERSITY SUBWA,YONGE/UNIVERSITY SUBWA,3,Sheppard–Yonge,86,,
YU/BD,YU/BD,3,Mount Dennis,54,,
AVENUE STATION,AVENUE,2,Avenue,100,1,
BESSARIAN STATION,BESSARIAN,2,Bessarion,89,,
BLOOR - DANFORTH LINE,BLOOR - DANFORTH LINE,2,Bloor–Yonge,86,,
BLOOR SATION,BLOOR SATION,2,Bloor–Yonge,70,,
BLOOR SOUTH,BLOOR SOUTH,2,Bloor–Yonge,64,,
BLOOR TO LAWRENCE STAT,BLOOR TO LAWRENCE STAT,2,Lawrence,90,,
BLOOR TO OSGOODE STATI,BLOOR TO OSGOODE STATI,2,Osgoode,90,,
BLOOR/DANFORTH LINE,BLOOR/DANFORTH LINE,2,Bloor–Yonge,86,,
BROADVIEW AND DANFORTH,BROADVIEW AND DANFORTH,2,Broadview,90,,
BROADVIEW AND ST GEORG,BROADVIEW AND ST GEORG,2,Broadview,90,,
BROADVIEW TO YONGE,BROADVIEW TO YONGE,2,Broadview,90,,
CHANGE OVERS / GENERAL,CHANGE OVERS / GENERAL,2,Jane,68,,
CHRISTIE STATION (LEAV,CHRISTIE (LEAV,2,Christie,90,,
CHRISTIE STATION TO CH,CHRISTIE TO CH,2,Christie,90,,
CHRISTIE STATION TO PA,CHRISTIE TO PA,2,Christie,90,,
CHURCH EMERGENCY EXIT,CHURCH EMERGENCY EXIT,2,Emery,72,,
COLLEGE TO KING,COLLEGE TO KING,2,College,90,,
COLLEGE TO SHEPPARD,COLLEGE TO SHEPPARD,2,College,90,,
DANFORTH DIVSION,DANFORTH DIVSION,2,Union,68,,
DAVISVILLE STATION BUI,DAVISVILLE BUI,2,Davisville,95,,
DAVISVILLE TO N/O BLOO,DAVISVILLE TO N/O BLOO,2,Davisville,90,,
DON MILLS STATION (LEA,DON MILLS (LEA,2,Don Mills,90,,
DONLANDS STATION (APPR,DONLANDS (APPR,2,Donlands,90,,
DUNCAN BUILDING,DUNCAN BUILDING,2,King,77,,
DUNCAN SHOPS,DUNCAN SHOPS,2,Duncanwoods,70,,
DUNCAN SUBSTATION,DUNCAN SUBSTATION,2,Union,68,,
DUNDAS STATION TO EGLI,DUNDAS TO EGLI,2,Eglinton,68,,
DUPONT STATION TO SPAD,DUPONT TO SPAD,2,Dupont,90,,
EA BLOOR DANFORTH OSSI,EA BLOOR DANFORTH OSSI,2,Bloor–Yonge,86,,
EARLY ACCESS CLOSURE S,EARLY ACCESS CLOSURE S,2,Queen's Park,86,,
EARLY CLOSURE - YONGE,EARLY CLOSURE - YONGE,2,Sheppard–Yonge,86,,
EGLINTON STATION TO YO,EGLINTON TO YO,2,Eglinton,90,,
EGLINTON TO DAVISVILLE,EGLINTON TO DAVISVILLE,2,Eglinton,90,,
EGLINTON TO SHEPPARD,EGLINTON TO SHEPPARD,2,Eglinton,90,,
EGLINTON TO UNION STAT,EGLINTON TO UNION STAT,2,Eglinton,90,,
EGLINTON TO YORK MILLS,EGLINTON TO YORK MILLS,2,York Mills,90,,
FINCH STATION (EXITING,FINCH (EXITING,2,Finch,90,,
FINCH STATION (LEAVING,FINCH (LEAVING,2,Finch,90,,
FINCH STATION (PLATFOR,FINCH (PLATFOR,2,Finch,90,,
FINCH STATION - PLATFO,FINCH - PLATFO,2,Finch,90,,
FINCH STATION- PLAT 1,FINCH- PLAT 1,2,Finch,90,,
FINCH TO DOWNSVIEW,FINCH TO DOWNSVIEW,2,Finch,90,,
FINCH TO LAWRENCE STAT,FINCH TO LAWRENCE STAT,2,Finch,90,,
FINCH TO QUEENS PARK S,FINCH TO QUEENS PARK S,2,Finch,90,,
FINCH TO ST. CLAIR,FINCH TO ST. CLAIR,2,Finch,90,,
GLENCAIRN STATION (APP,GLENCAIRN (APP,2,Glencairn,90,,
GO PROTOCOL,GO PROTOCOL,2,College,54,,
GREENWOOD AND DANFORTH,GREENWOOD AND DANFORTH,2,Greenwood,90,,
GREENWOOD GATEHOUSE,GREENWOOD GATEHOUSE,2,Greenwood,90,,
GREENWOOD TRACK BUILDI,GREENWOOD TRACK BUILDI,2,Greenwood,90,,
GUNN THEATRE,GUNN THEATRE,2,Union,60,,
HIGH PARK STAITON,HIGH PARK STAITON,2,High Park,90,,
ISLINGTON CENTRE TRACK,ISLINGTON CENTRE TRACK,2,Islington,90,,
JANE STATION (ENTERING,JANE (ENTERING,2,Jane,90,,
JANE TO OLD MILL,JANE TO OLD MILL,2,Old Mill,90,,
KEELE STATION (APPROAC,KEELE (APPROAC,2,Keele,90,,
KEELE TO DUNDAS WEST,KEELE TO DUNDAS WEST,2,Keele,90,,
KEELE TO OSSINGTON,KEELE TO OSSINGTON,2,Keele,90,,
KENNEDY BD STATION (EN,KENNEDY BD (EN,2,Kennedy,90,,
KENNEDY BD STATION - P,KENNEDY BD - P,2,Kennedy,90,,
KENNEDY BD STATION PL,KENNEDY BD PL,2,Kennedy,90,,
KENNEDY SRT - LAWRENCE,KENNEDY SRT - LAWRENCE,2,Lawrence,90,,
KENNEDY SRT STATION [A,KENNEDY SRT [A,2,Kennedy,90,,
KENNEDY STATION TO MCC,KENNEDY TO MCC,2,Kennedy,90,,
KENNEDY STATION TO WOO,KENNEDY TO WOO,2,Kennedy,90,,
KENNEDY TO KIPLING,KENNEDY TO KIPLING,2,Kipling,90,,
KING COMMERCE,KING COMMERCE,2,King,90,,
KING STATION TO EGLINT,KING TO EGLINT,2,King,90,,
KING TO ST GEORGE STAT,KING TO ST GEORGE STAT,2,King,90,,
KIPLING STATION (LEAVI,KIPLING (LEAVI,2,Kipling,90,,
KIPLING STATION TO COX,KIPLING TO COX,2,Kipling,90,,
KIPLING TO KEELE STATI,KIPLING TO KEELE STATI,2,Kipling,90,,
KIPLING TO KENNEDY STA,KIPLING TO KENNEDY STA,2,Kipling,90,,
LANSDOWNE TO ROYAL YOR,LANSDOWNE TO ROYAL YOR,2,Lansdowne,90,,
LAWRENCE STATION TO YO,LAWRENCE TO YO,2,Lawrence,90,,
LAWRENCE TO ST CLAIR,LAWRENCE TO ST CLAIR,2,Lawrence,90,,
LAWRENCE TO YORK MILLS,LAWRENCE TO YORK MILLS,2,York Mills,90,,
LAWRENCE WEST TO EGLIN,LAWRENCE WEST TO EGLIN,2,Lawrence,90,,
LESLIE STATION (APPROA,LESLIE (APPROA,2,Leslie,90,,
LINE 2,LINE 2,2,Signet Arrow,60,,
LINE 2 - BLOOR DANFORT,LINE 2 - BLOOR DANFORT,2,Bloor–Yonge,86,,
LINE 2 BD,LINE 2 BD,2,Albion,60,,
LINE 2 BLOOR - DANFORT,LINE 2 BLOOR - DANFORT,2,Bloor–Yonge,86,,
LINE 3 - KENNEDY TO LA,LINE 3 - KENNEDY TO LA,2,Kennedy,90,,
LYTTON EE,LYTTON EE,2,Keele,57,,
MAC DONALD CARTIER EE,MAC DONALD CARTIER EE,2,Christie,61,,
MACDONALD CARTIER EMER,MACDONALD CARTIER EMER,2,Emery,80,,
MAIN STATION,MAIN,2,Main Street,90,,
MARKDALE EE,MARKDALE EE,2,Pearldale,66,,
MARKDALE EMERGENCY EXI,MARKDALE EMERGENCY EXI,2,Emery,76,,
NORTH HOSTLER,NORTH HOSTLER,2,Chester,64,,
NORTH YORK CENTRE,NORTH YORK CENTRE,2,North York Centre,100,1,
NORTHBOUND TO LAWRENCE,NORTHBOUND TO LAWRENCE,2,Lawrence,90,,
OLD MILL STATION (APPR,OLD MILL (APPR,2,Old Mill,90,,
OSGOODE TO COLLEGE,OSGOODE TO COLLEGE,2,College,90,,
OSSINGTON TO KEELE STA,OSSINGTON TO KEELE STA,2,Keele,90,,
OSSINGTON TO ST GEORGE,OSSINGTON TO ST GEORGE,2,Ossington,90,,
QUEEN AND YONGE,QUEEN AND YONGE,2,Queen,90,,
QUEEN QUAY STATION,QUEEN QUAY,2,Queen,90,,
QUEENS QUAY ELEVATOR,QUEENS QUAY ELEVATOR,2,Queen,90,,
SHEPPARD STATION TO CO,SHEPPARD TO CO,2,Sheppard West,74,,
SHEPPARD TO ST. CLAIR,SHEPPARD TO ST. CLAIR,2,St. Clair,90,,
SHEPPARD WEST - FINCH,SHEPPARD WEST - FINCH,2,Finch,90,,
SHEPPARD WEST - ST CLA,SHEPPARD WEST - ST CLA,2,Sheppard West,90,,
SHEPPARD- YONGE STATIO,SHEPPARD- YONGE,2,Sheppard–Yonge,97,1,
SINGLE LINE OPERATIONS,SINGLE LINE OPERATIONS,2,King,68,,
SPADINA STATION TO KIN,SPADINA TO KIN,2,Spadina,90,,
SPADINA STATION YUS,SPADINA YUS,2,Spadina,90,,
SPADINA TO ST ANDREW,SPADINA TO ST ANDREW,2,Spadina,90,,
ST CLAIR STATION - UPP,ST CLAIR - UPP,2,St. Clair,86,,
ST CLAIR TO FINCH STAT,ST CLAIR TO FINCH STAT,2,Finch,90,,
ST CLAIR TO UNION STAT,ST CLAIR TO UNION STAT,2,Union,90,,
ST CLAIR WEST TO DUPON,ST CLAIR WEST TO DUPON,2,St. Clair West,87,,
ST GEORGE BD STATION -,ST GEORGE BD -,2,St. George,95,,
ST GEORGE STATION TO B,ST GEORGE TO B,2,St. George,95,,
ST GEORGE TO LAWRENCE,ST GEORGE TO LAWRENCE,2,Lawrence,90,,
ST. CLAIR WEST,ST. CLAIR WEST,2,St. Clair West,100,1,
ST. GEORGE TO ST. ANDR,ST. GEORGE TO ST. ANDR,2,St. George,90,,
SUBWAY CLOSURE: KIPLIN,SUBWAY CLOSURE: KIPLIN,2,Kipling,83,,
SUBWAY CLOSURE: LAWREN,SUBWAY CLOSURE: LAWREN,2,Lawrence,77,,
UNION - KING,UNION - KING,2,King,90,,
UNION AND KENNEDY STAT,UNION AND KENNEDY STAT,2,Union,90,,
UNION STATION (TOWARD,UNION (TOWARD,2,Union,90,,
UNION STATION - TO KIN,UNION - TO KIN,2,Union,90,,
UNION TO FINCH,UNION TO FINCH,2,Finch,90,,
VICTORIA PARK STATION-,VICTORIA PARK-,2,Victoria Park,100,1,
VMC TO ST GEORGE STATI,VMC TO ST GEORGE STATI,2,St. Clair,86,,
WARDEN STATION (APPROA,WARDEN (APPROA,2,Warden,90,,
WARDEN STATION (DEPART,WARDEN (DEPART,2,Warden,90,,
WILFRED EMERGENCY EXIT,WILFRED EMERGENCY EXIT,2,Emery,76,,
WILSON HOSTLER SOUTHBO,WILSON HOSTLER SOUTHBO,2,Wilson,90,,
WILSON TO ST CLAIR WES,WILSON TO ST CLAIR WES,2,Wilson,90,,
WILSON YARD - NORTH HO,WILSON YARD - NORTH HO,2,Wilson,90,,
WILSON YARD CARHOUSE,WILSON YARD CARHOUSE,2,Wilson,90,,
WOODBINE TO BROADVIEW,WOODBINE TO BROADVIEW,2,Broadview,90,,
WOODBINE TO KENNEDY ST,WOODBINE TO KENNEDY ST,2,Woodbine,90,,
YONGE,YONGE,2,Sheppard–Yonge,90,,
YONGE - UNIVERSITY SUB,YONGE - UNIVERSITY SUB,2,Sheppard–Yonge,86,,
YONGE AND DUNDAS,YONGE AND DUNDAS,2,Dundas West,67,,
YONGE BD STATION (LEAV,YONGE BD (LEAV,2,Bloor–Yonge,63,,
YONGE BD TO PAPE STATI,YONGE BD TO PAPE STATI,2,Pape,90,,
YONGE SHEPPARD STATION,YONGE SHEPPARD,2,Sheppard–Yonge,95,,
YONGE SHP STATION (LEA,YONGE SHP (LEA,2,Sheppard–Yonge,63,,
YONGE UNIVERSITY,YONGE UNIVERSITY,2,York University,84,,
YONGE UNIVERSITY / BLO,YONGE UNIVERSITY / BLO,2,Sheppard–Yonge,86,,
YONGE-BLOOR,YONGE-BLOOR,2,Bloor–Yonge,95,,
YONGE-UNIVERISTY AND B,YONGE-UNIVERISTY AND B,2,Sheppard–Yonge,86,,
YONGE-UNIVERSITY SPADI,YONGE-UNIVERSITY SPADI,2,Sheppard–Yonge,86,,
YONGE/UNIVERSITY,YONGE/UNIVERSITY,2,York University,84,,
YONGE/UNIVERSITY - LIN,YONGE/UNIVERSITY - LIN,2,Sheppard–Yonge,86,,
YORK MILLS CENTER TRAC,YORK MILLS CENTER TRAC,2,York Mills,90,,
YOUNG UNIVERSITY SPADI,YOUNG UNIVERSITY SPADI,2,York University,76,,
YU- YONGE-UNIVERSITY S,YU- YONGE-UNIVERSITY S,2,Sheppard–Yonge,86,,
"YORK UNIVERSTITY, DOWN","YORK UNIVERSTITY, DOWN",1,York Mills,86,,
"YONGE UNIVERSITY, LINE","YONGE UNIVERSITY, LINE",1,Sheppard–Yonge,86,,
"KENNEDY, DON MILLS, SC","KENNEDY, DON MILLS, SC",1,Kennedy,90,,
"UNION, KIPLING, ROYAL","UNION, KIPLING, ROYAL",1,Union,90,,
"UNION, EXHIBITION, MIM","UNION, EXHIBITION, MIM",1,Union,90,,
"LINE 1, LINE 2 AND LIN","LINE 1, LINE 2 AND LIN",1,Jane and Finch,86,,
"UNION, MAIN, KENNEDY S","UNION, MAIN, KENNEDY S",1,Union,90,,
"GO PROTOCOL - UNION, D","GO PROTOCOL - UNION, D",1,Union,90,,
"BROADVIEW, CASTLE FRAN","BROADVIEW, CASTLE FRAN",1,Broadview,90,,
"UNION, DOWNSVIEW PARK,","UNION, DOWNSVIEW PARK,",1,Union,90,,
(APPROACHING),(APPROACHING),1,King,77,,
(APPROACHING) KENNEDY,(APPROACHING) KENNEDY,1,Kennedy,90,,
1 ST CLAIR AVENUE EAST,1 ST CLAIR AVENUE EAST,1,Avenue,90,,
1 TIPPETT ROAD,1 TIPPETT ROAD,1,Pape,68,,
111 SPADINA ROAD,111 SPADINA ROAD,1,Spadina,90,,
120 CARTWRIGHT AVE,120 CARTWRIGHT AVE,1,Avenue,60,,
169 DANFORTH AVENUE,169 DANFORTH AVENUE,1,Avenue,90,,
1900 YONGE MCBRIEN BLD,1900 YONGE MCBRIEN BLD,1,Sheppard–Yonge,86,,
1900 YONGE ST- MCBRIEN,1900 YONGE ST- MCBRIEN,1,Sheppard–Yonge,86,,
1900 YONGE STREET,1900 YONGE STREET,1,Bloor–Yonge,86,,
2233 SHEPPARD WEST,2233 SHEPPARD WEST,1,Sheppard West,95,,
250 BLOOR ST E,250 BLOOR ST E,1,St. Clair,86,,
391 ALLIANCE,391 ALLIANCE,1,Jane,68,,
40 CARL HALL ROAD UNIT,40 CARL HALL ROAD UNIT,1,Union,60,,
ALL OPEN CUT AREA,ALL OPEN CUT AREA,1,St. Andrew,56,,
ALL OPEN CUTS,ALL OPEN CUTS,1,Albion,49,,
ALL STATIONS,ALLS,1,York Mills,77,,
ALLEN RD (N OF EGLINTO,ALLEN RD (N OF EGLINTO,1,Eglinton,84,,
ALLEN ROAD AND EGLINTO,ALLEN ROAD AND EGLINTO,1,Jane and Finch,86,,
APPROACHING DUNDAS WES,APPROACHING DUNDAS WES,1,Dundas West,86,,
APPROACHING FINCH STAT,APPROACHING FINCH STAT,1,Finch,90,,
APPROACHING OLD MILL S,APPROACHING OLD MILL S,1,Old Mill,90,,
APPROCHING OLD MILL ST,APPROCHING OLD MILL ST,1,Old Mill,90,,
ARROW GARAGE,ARROW GARAGE,1,Signet Arrow,63,,
ATC AREA,ATC AREA,1,St. Andrew,56,,
ATC FAILURE,ATC FAILURE,1,Laird,54,,
ATC TERRIROTY,ATC TERRIROTY,1,Chester,51,,
ATC TERRITORY,ATC TERRITORY,1,Tobermory,55,,
AVENUE ECLRT STATION,AVENUE ECLRT,1,Avenue,90,,
B/W BLOOR DANFORTH SUB,B/W BLOOR DANFORTH SUB,1,Bloor–Yonge,86,,
BATHURST TO CASTLE FRA,BATHURST TO CASTLE FRA,1,Bathurst,90,,
BATHURST TO CHRISTIE,BATHURST TO CHRISTIE,1,Christie,90,,
BATHUSRT STATION,BATHUSRT,1,Bathurst,88,,
BATHUST TO PAPE STATIO,BATHUST TO PAPE,1,Pape,90,,
BAY AND BLOOR,BAY AND BLOOR,1,Bay,90,,
BAY STATION TO PAPE ST,BAY TO PAPE ST,1,Bay,90,,
BAYVIEW SUBSTATION,BAYVIEW SUBSTATION,1,Bay,90,,
BAYVIEW TO BESSARION,BAYVIEW TO BESSARION,1,Bay,90,,
BAYVIEW TO SHEPAPRD/YO,BAYVIEW TO SHEPAPRD/YO,1,Bay,90,,
BD LINE CHANGEOVERS,BD LINE CHANGEOVERS,1,Jane,68,,
BEDFORD SUBSTATION,BEDFORD SUBSTATION,1,Union,68,,
BETWEEN SHEPPARD AND S,BETWEEN SHEPPARD AND S,1,Sheppard–Yonge,86,,
BETWEEN SHERBOURNE AND,BETWEEN SHERBOURNE AND,1,Sherbourne,90,,
BETWEEN WARDEN STATION,BETWEEN WARDEN,1,Warden,90,,
BICHMOUNT DIVISION,BICHMOUNT DIVISION,1,Birchmount,85,,
BIRCHMOUNT DIVISION,BIRCHMOUNT DIVISION,1,Birchmount,90,,
BIRCHMOUNT EE,BIRCHMOUNT EE,1,Birchmount,95,,
BIRCHMOUNT EMERGENCY E,BIRCHMOUNT EMERGENCY E,1,Birchmount,90,,
BLOOR / DANFORTH LINE,BLOOR / DANFORTH LINE,1,Bloor–Yonge,86,,
BLOOR AND ABERFOYLE CR,BLOOR AND ABERFOYLE CR,1,Bloor–Yonge,86,,
BLOOR DANFORTH,BLOOR DANFORTH,1,Bloor–Yonge,59,,
BLOOR DANFORTH/YONGE U,BLOOR DANFORTH/YONGE U,1,Sheppard–Yonge,86,,
BLOOR DANFORTHLINE,BLOOR DANFORTHLINE,1,Bloor–Yonge,86,,
BLOOR HAYDEN ENTRANCE,BLOOR HAYDEN ENTRANCE,1,Bloor–Yonge,86,,
BLOOR HUB,BLOOR HUB,1,Bloor–Yonge,68,,
BLOOR INTERLOCKING,BLOOR INTERLOCKING,1,King,90,,
BLOOR STATION (STATION,BLOOR (STATION,1,Union,68,,
BLOOR STATION - YONGE,BLOOR - YONGE,1,Bloor–Yonge,95,,
BLOOR STATION TO YORK,BLOOR TO YORK,1,Bloor–Yonge,67,,
BLOOR STATION-DUNDAS S,BLOOR-DUNDAS S,1,Dundas West,67,,
BLOOR STATON,BLOOR STATON,1,Bloor–Yonge,70,,
BLOOR TO COLLEGE,BLOOR TO COLLEGE,1,College,90,,
BLOOR TO DAVISVILLE,BLOOR TO DAVISVILLE,1,Davisville,90,,
BLOOR TO DAVISVILLE ST,BLOOR TO DAVISVILLE ST,1,Davisville,90,,
BLOOR TO EGLINTON STAT,BLOOR TO EGLINTON STAT,1,Eglinton,90,,
BLOOR TO KING STATIONS,BLOOR TO KINGS,1,King,90,,
BLOOR TO MUSUEM STATIO,BLOOR TO MUSUEM,1,Museum,75,,
BLOOR TO ROSEDALE STAT,BLOOR TO ROSEDALE STAT,1,Rosedale,90,,
BLOOR TO ST ANDREW STA,BLOOR TO ST ANDREW STA,1,St. Clair,86,,
BLOOR TO ST.CLAIR,BLOOR TO ST.CLAIR,1,St. Clair,86,,
BLOOR TO UNION,BLOOR TO UNION,1,Union,90,,
BLOOR TO YORK MILLS,BLOOR TO YORK MILLS,1,York Mills,90,,
BLOOR VIA DUCT,BLOOR VIA DUCT,1,Bloor–Yonge,59,,
BLOOR YONGE,BLOOR YONGE,1,Bloor–Yonge,100,1,
BLOOR YONGE LINES,BLOOR YONGE LINES,1,Bloor–Yonge,90,,
BLOOR YU / YONGE BD ST,BLOOR YU / YONGE BD ST,1,Sheppard–Yonge,86,,
BLOOR-DANFORTH,BLOOR-DANFORTH,1,Bloor–Yonge,59,,
BLOOR/DANFORTH AND YON,BLOOR/DANFORTH AND YON,1,Bloor–Yonge,86,,
BLOOR/YONGE,BLOOR/YONGE,1,Bloor–Yonge,100,1,
BRAODVIEW STATION TO W,BRAODVIEW TO W,1,Broadview,80,,
BRIDGEMAN LOT,BRIDGEMAN LOT,1,Mount Dennis,46,,
BROADVIEW STATION (LEA,BROADVIEW (LEA,1,Broadview,90,,
BROADVIEW STATION TO S,BROADVIEW TO S,1,Broadview,90,,
BROADVIEW TO CHESTER S,BROADVIEW TO CHESTER S,1,Broadview,90,,
BROADVIEW TO KIPLING S,BROADVIEW TO KIPLING S,1,Kipling,90,,
BROADVIEW TO SCARBOROU,BROADVIEW TO SCARBOROU,1,Broadview,90,,
BROADVIEW TO SHERBOURN,BROADVIEW TO SHERBOURN,1,Broadview,90,,
BROADVIEW TO ST. GEORG,BROADVIEW TO ST. GEORG,1,Broadview,90,,
BROADVIEW TO YONGE STA,BROADVIEW TO YONGE STA,1,Broadview,90,,
BRUNSWICK AND BLOOR,BRUNSWICK AND BLOOR,1,Bloor–Yonge,86,,
BUCHAN ESB,BUCHAN ESB,1,Jane,68,,
CALENDONIA STATION,CALENDONIA,1,Caledonia,95,,
CASTLE FRANK - BROADVI,CASTLE FRANK - BROADVI,1,Castle Frank,90,,
CASTLE FRANK TO SHERBO,CASTLE FRANK TO SHERBO,1,Castle Frank,90,,
CELEDONIA STATION,CELEDONIA,1,Caledonia,89,,
CHANGE OVERS,CHANGE OVERS,1,Jane,68,,
CHANGE OVERS LINE TWO,CHANGE OVERS LINE TWO,1,Jane,68,,
CHESTER STATION (ENTER,CHESTER (ENTER,1,Chester,90,,
CHESTER STATION (LEAVI,CHESTER (LEAVI,1,Chester,90,,
CHESTER TO CASTLEFRANK,CHESTER TO CASTLEFRANK,1,Chester,90,,
CHESTER TO WARDEN,CHESTER TO WARDEN,1,Chester,90,,
CHESTER TO YONGE STATI,CHESTER TO YONGE STATI,1,Chester,90,,
CHRISTIE - ST GEORGE S,CHRISTIE - ST GEORGE S,1,Christie,90,,
CHRISTIE CENTER,CHRISTIE CENTER,1,Christie,90,,
CHRISTIE CENTRE TRACK,CHRISTIE CENTRE TRACK,1,Christie,90,,
CHRSTIE TO PAPE STATIO,CHRSTIE TO PAPE,1,Pape,90,,
CHURCH EE,CHURCH EE,1,Humber College,52,,
CLANTON PARK,CLANTON PARK,1,Aga Khan Park & Museum,86,,
CLANTON PARK EMERGENCY,CLANTON PARK EMERGENCY,1,Queen's Park,86,,
CLANTON PARK PORTAL,CLANTON PARK PORTAL,1,Queen's Park,86,,
CLANTON PORTAL TO EGLI,CLANTON PORTAL TO EGLI,1,Eglinton,60,,
CLEAR FINCH STATION-PL,CLEAR FINCH-PL,1,Finch,90,,
CLOSURE FINCH TO ST CL,CLOSURE FINCH TO ST CL,1,Finch,90,,
CLOSURE- KEELE TO OSSI,CLOSURE- KEELE TO OSSI,1,Keele,90,,
CLOSURE- VICTORIA PARK,CLOSURE- VICTORIA PARK,1,Victoria Park,90,,
CLOSURES BUILDING,CLOSURES BUILDING,1,King,77,,
CNE EAST LOOP,CNE EAST LOOP,1,Jane,51,,
COLLEGE AND OSGOODE ST,COLLEGE AND OSGOODE ST,1,College,90,,
COLLEGE AND WELLESLEY,COLLEGE AND WELLESLEY,1,Wellesley,90,,
COLLEGE STATION LEAVIN,COLLEGE LEAVIN,1,College,90,,
COLLEGE STATION TO OSG,COLLEGE TO OSG,1,College,90,,
COLLEGE TO OSGOODE LIN,COLLEGE TO OSGOODE LIN,1,College,90,,
COLLEGE TO ST CLAIR,COLLEGE TO ST CLAIR,1,College,90,,
COLLEGE TO ST.CLAIR ST,COLLEGE TO ST.CLAIR ST,1,College,90,,
COXWELL STATION (ENTER,COXWELL (ENTER,1,Coxwell,90,,
COXWELL STATION (EXITI,COXWELL (EXITI,1,Coxwell,90,,
COXWELL STATION (LEAVI,COXWELL (LEAVI,1,Coxwell,90,,
COXWELL STATION APPROA,COXWELL APPROA,1,Coxwell,90,,
COXWELL TO GREENWOOD Y,COXWELL TO GREENWOOD Y,1,Greenwood,90,,
COXWELL TO KENNEDY,COXWELL TO KENNEDY,1,Coxwell,90,,
COXWELL TO KENNEDY STA,COXWELL TO KENNEDY STA,1,Coxwell,90,,
DANFORTH,DANFORTH,1,North York Centre,69,,
DANFORTH AND COXWELL,DANFORTH AND COXWELL,1,Coxwell,90,,
DAVENPORT BUILDING,DAVENPORT BUILDING,1,King,77,,
DAVISVILLE - ST. CLAIR,DAVISVILLE - ST. CLAIR,1,Davisville,90,,
DAVISVILLE BUID-UP,DAVISVILLE BUID-UP,1,Davisville,90,,
DAVISVILLE BUILDD UP,DAVISVILLE BUILDD UP,1,Davisville,90,,
DAVISVILLE OFFICES,DAVISVILLE OFFICES,1,Davisville,90,,
DAVISVILLE STATION (AP,DAVISVILLE (AP,1,Davisville,95,,
DAVISVILLE STATION (BU,DAVISVILLE (BU,1,Davisville,95,,
DAVISVILLE STATION - B,DAVISVILLE - B,1,Davisville,95,,
DAVISVILLE STATION - L,DAVISVILLE - L,1,Davisville,95,,
DAVISVILLE STATION TO,DAVISVILLE TO,1,Davisville,95,,
DAVISVILLE STRUCTURE,DAVISVILLE STRUCTURE,1,Davisville,90,,
DAVISVILLE TO LAWRENCE,DAVISVILLE TO LAWRENCE,1,Lawrence,90,,
DAVISVILLE TO ROSEDALE,DAVISVILLE TO ROSEDALE,1,Davisville,90,,
DAVISVILLE TRACK & STR,DAVISVILLE TRACK & STR,1,Davisville,90,,
DAVISVILLE TRACK AND S,DAVISVILLE TRACK AND S,1,Davisville,90,,
DAVISVILLE YARD (APPRO,DAVISVILLE YARD (APPRO,1,Davisville,90,,
DAVISVILLE YARD - T&S,DAVISVILLE YARD - T&S,1,Davisville,90,,
DAVISVILLE YARD - TUNN,DAVISVILLE YARD - TUNN,1,Davisville,90,,
DAVISVILLE YARD / TRAC,DAVISVILLE YARD / TRAC,1,Davisville,90,,
DON MILLS STAITON,DON MILLS STAITON,1,Don Mills,90,,
DON MILLS STATION TO L,DON MILLS TO L,1,Don Mills,90,,
DON MILLS STATION- PLA,DON MILLS- PLA,1,Don Mills,90,,
DON MLLS STATION,DON MLLS,1,Don Mills,94,1,
DONLANDS STATION (ENTE,DONLANDS (ENTE,1,Donlands,90,,
DONLANDS TO GREENWOD Y,DONLANDS TO GREENWOD Y,1,Donlands,90,,
DONLANDS TO GREENWOOD,DONLANDS TO GREENWOOD,1,Donlands,90,,
DONLANDS TO KIPLING ST,DONLANDS TO KIPLING ST,1,Kipling,90,,
DOWNSVIEW PARK TO VMC,DOWNSVIEW PARK TO VMC,1,Downsview Park,90,,
DOWNSVIEW STATION PLAT,DOWNSVIEW PLAT,1,Downsview Park,86,,
DOWNSVIEW SUB STATION,DOWNSVIEW SUB,1,Downsview Park,78,,
DOWNSVIEWSTATION,DOWNSVIEWSTATION,1,Union,68,,
DOWNVIEW PARK STATION,DOWNVIEW PARK,1,Downsview Park,96,1,
DOWNVIEW PARK STN - UN,DOWNVIEW PARK STN - UN,1,Downsview Park,87,,
DUFFERIN AND BLOOR,DUFFERIN AND BLOOR,1,Dufferin,90,,
DUFFERIN AND DUFFERIN,DUFFERIN AND DUFFERIN,1,Dufferin,90,,
DUFFERIN STATON,DUFFERIN STATON,1,Dufferin,90,,
DUFFERIN TO KIPLING,DUFFERIN TO KIPLING,1,Kipling,90,,
DUFFERIN TO KIPLING ST,DUFFERIN TO KIPLING ST,1,Kipling,90,,
DUFFERIN TO LANSDOWNE,DUFFERIN TO LANSDOWNE,1,Lansdowne,90,,
DUNCAN SHOPS BRAKE SEC,DUNCAN SHOPS BRAKE SEC,1,Duncanwoods,66,,
DUNCAN WAREHOUSE,DUNCAN WAREHOUSE,1,Duncanwoods,67,,
DUNDA WEST STATION,DUNDA WEST,1,Dundas West,95,,
DUNDAS STATION (W/S),DUNDAS (W/S),1,Dundas West,82,,
DUNDAS STATION - EAST,DUNDAS - EAST,1,Dundas West,86,,
DUNDAS STATION - W/S,DUNDAS - W/S,1,Dundas West,78,,
DUNDAS STATION - WEST,DUNDAS - WEST,1,Dundas West,95,,
DUNDAS STATION E/S,DUNDAS E/S,1,Dundas West,86,,
DUNDAS STATION E/S 1,DUNDAS E/S 1,1,Dundas West,78,,
DUNDAS STATION W/S,DUNDAS W/S,1,Dundas West,86,,
DUNDAS STATION/SUMMERH,DUNDAS/SUMMERH,1,Dundas West,67,,
DUNDAS TO FINCH,DUNDAS TO FINCH,1,Finch,90,,
DUNDAS TO FINCH STATIO,DUNDAS TO FINCH,1,Finch,90,,
DUNDAS WEST - KIPLING,DUNDAS WEST - KIPLING,1,Kipling,90,,
DUNDAS WEST STATION (A,DUNDAS WEST (A,1,Dundas West,95,,
DUNDAS WEST STATION -,DUNDAS WEST -,1,Dundas West,100,1,
DUNDAS WEST TO KEELE S,DUNDAS WEST TO KEELE S,1,Keele,90,,
DUPLEX AVENUE,DUPLEX AVENUE,1,Avenue,90,,
DUPONT MIGRATION POINT,DUPONT MIGRATION POINT,1,Dupont,90,,
DUPONT STATION ( APPRO,DUPONT ( APPRO,1,Dupont,90,,
DUPONT STATION (EXITIN,DUPONT (EXITIN,1,Dupont,90,,
DUPONT STATION APPROAC,DUPONT APPROAC,1,Dupont,90,,
DUPONT STATION TO EGLI,DUPONT TO EGLI,1,Dupont,90,,
DUPONT TO OSGOODE,DUPONT TO OSGOODE,1,Osgoode,90,,
DUPONT TO SPADINA,DUPONT TO SPADINA,1,Spadina,90,,
DUPONT TO ST GEORGE,DUPONT TO ST GEORGE,1,Dupont,90,,
E/O WARDEN TO W/O VICT,E/O WARDEN TO W/O VICT,1,Warden,90,,
E/O WARDEN TO W/O WARD,E/O WARDEN TO W/O WARD,1,Warden,90,,
E13,E13,1,North York Centre,45,,
EA SHEPPARD WEST TO ST,EA SHEPPARD WEST TO ST,1,Sheppard West,90,,
EARLY ACCESS CLOSURE F,EARLY ACCESS CLOSURE F,1,Pearldale,56,,
EARLY CLOSURE,EARLY CLOSURE,1,Pearldale,55,,
EARLY CLOSURE EGLINTON,EARLY CLOSURE EGLINTON,1,Eglinton,90,,
EARLY CLOSURE KING TO,EARLY CLOSURE KING TO,1,King,90,,
EARLY CLOSURE LINE 1 Y,EARLY CLOSURE LINE 1 Y,1,Leslie,60,,
EARLY CLOSURE: KIPLING,EARLY CLOSURE: KIPLING,1,Kipling,90,,
EARLY SCHEDULE CLOSURE,EARLY SCHEDULE CLOSURE,1,Rosedale,56,,
EARLY SUBWAY CLOSURE:,EARLY SUBWAY CLOSURE:,1,Bay,68,,
EASTBOUND - BETWEEN SH,EASTBOUND - BETWEEN SH,1,Queen,54,,
EATON CENTRE,EATON CENTRE,1,North York Centre,63,,
EATON CENTRE - DUNDAS,EATON CENTRE - DUNDAS,1,Dundas West,86,,
EGINTON STATION,EGINTON,1,Eglinton,93,1,
EGLINTON - FINCH STATI,EGLINTON - FINCH STATI,1,Finch,90,,
EGLINTON - SCARBOROUGH,EGLINTON - SCARBOROUGH,1,Eglinton,90,,
EGLINTON AND BLOOR STA,EGLINTON AND BLOOR STA,1,Eglinton,90,,
EGLINTON GARAGE,EGLINTON GARAGE,1,Eglinton,90,,
EGLINTON POCKET,EGLINTON POCKET,1,Eglinton,90,,
EGLINTON PSUDO STATION,EGLINTON PSUDO,1,Eglinton,90,,
EGLINTON STAION,EGLINTON STAION,1,Eglinton,90,,
EGLINTON STATION ( MIG,EGLINTON ( MIG,1,Eglinton,90,,
EGLINTON STATION (ENTE,EGLINTON (ENTE,1,Eglinton,90,,
EGLINTON STATION (EXIT,EGLINTON (EXIT,1,Eglinton,90,,
EGLINTON STATION (SOUT,EGLINTON (SOUT,1,Eglinton,90,,
EGLINTON STATION - FIN,EGLINTON - FIN,1,Eglinton,90,,
EGLINTON STATION - MIG,EGLINTON - MIG,1,Eglinton,90,,
EGLINTON STATION APPRO,EGLINTON APPRO,1,Eglinton,90,,
EGLINTON STATION TO ST,EGLINTON TO ST,1,Eglinton,90,,
EGLINTON STATION TO VA,EGLINTON TO VA,1,Eglinton,90,,
EGLINTON STATION TO VM,EGLINTON TO VM,1,Eglinton,90,,
EGLINTON STN,EGLINTON STN,1,Eglinton,90,,
EGLINTON TO COLLEGE,EGLINTON TO COLLEGE,1,Eglinton,90,,
EGLINTON TO FINCH STAT,EGLINTON TO FINCH STAT,1,Finch,90,,
EGLINTON TO KING STATI,EGLINTON TO KING STATI,1,Eglinton,90,,
EGLINTON TO SHEPPARD-Y,EGLINTON TO SHEPPARD-Y,1,Eglinton,90,,
EGLINTON TO ST CLAIR S,EGLINTON TO ST CLAIR S,1,Eglinton,90,,
EGLINTON TO UNION,EGLINTON TO UNION,1,Eglinton,90,,
EGLINTON TO UNION STA,EGLINTON TO UNION STA,1,Eglinton,90,,
EGLINTON WEST - SHEPPA,EGLINTON WEST - SHEPPA,1,Eglinton,90,,
EGLINTON WEST SATION,EGLINTON WEST SATION,1,Eglinton,90,,
EGLINTON WEST TO BLOOR,EGLINTON WEST TO BLOOR,1,Eglinton,90,,
EGLINTON WEST TO ST CL,EGLINTON WEST TO ST CL,1,Eglinton,90,,
EGLINTON WEST TO VMC,EGLINTON WEST TO VMC,1,Eglinton,90,,
EGLINTON YARD,EGLINTON YARD,1,Eglinton,90,,
ELLESMERE STATION DEPA,ELLESMERE DEPA,1,Emery,72,,
ELLIS BRIDGE,ELLIS BRIDGE,1,Coxwell,54,,
ENGLINTON TO SHEPPARD,ENGLINTON TO SHEPPARD,1,Sheppard–Yonge,86,,
ENTERING END - CASTLE,ENTERING END - CASTLE,1,Castle Frank,86,,
ENTERING LESLIE STATIO,ENTERING LESLIE,1,Leslie,90,,
FENMAR AND WESTON,FENMAR AND WESTON,1,Westmore,64,,
FICNH STATION,FICNH,1,Finch,80,,
FINCH - NORTH YORK CEN,FINCH - NORTH YORK CEN,1,Finch,90,,
FINCH STATION ( PLAT 2,FINCH ( PLAT 2,1,Finch,90,,
FINCH STATION (PLAT #2,FINCH (PLAT #2,1,Finch,90,,
FINCH STATION BOOTH 2,FINCH BOOTH 2,1,Finch,90,,
FINCH STATION BUS BAY,FINCH BUS BAY,1,Finch,90,,
FINCH STATION TO DUPON,FINCH TO DUPON,1,Finch,90,,
FINCH STATION TO ST GE,FINCH TO ST GE,1,Finch,90,,
FINCH STATION TO ST. C,FINCH TO ST. C,1,Finch,90,,
FINCH STATION- PLATFOR,FINCH- PLATFOR,1,Finch,90,,
FINCH STN 39 BUS PLATF,FINCH STN 39 BUS PLATF,1,Finch,90,,
FINCH TAIL,FINCH TAIL,1,Finch,90,,
FINCH TO MUSEUM,FINCH TO MUSEUM,1,Finch,90,,
FINCH TO NORTH YORK CT,FINCH TO NORTH YORK CT,1,Finch,90,,
FINCH TO QUEEN STATION,FINCH TO QUEEN,1,Finch,90,,
FINCH TO ROSEDALE,FINCH TO ROSEDALE,1,Finch,90,,
FINCH TO SHEPPARD WEST,FINCH TO SHEPPARD WEST,1,Finch,90,,
FINCH TO ST CLAIR,FINCH TO ST CLAIR,1,Finch,90,,
FINCH TO ST CLAIR WEST,FINCH TO ST CLAIR WEST,1,Finch,90,,
FINCH TO UNION,FINCH TO UNION,1,Finch,90,,
FINCH TO UNION STATION,FINCH TO UNION,1,Finch,90,,
FINCH TO VAUGHAN METRO,FINCH TO VAUGHAN METRO,1,Finch,90,,
FINCH TO VMC,FINCH TO VMC,1,Finch,90,,
FINCH TO WILSON,FINCH TO WILSON,1,Finch,90,,
FINCH TOWER,FINCH TOWER,1,Finch,90,,
FINCH WEST - SHEPPARD,FINCH WEST - SHEPPARD,1,Finch,90,,
FINCH WEST CENTER TRAC,FINCH WEST CENTER TRAC,1,Finch,90,,
FINCH WEST STATION (AP,FINCH WEST (AP,1,Finch West,95,,
FINCH WEST STATION (EN,FINCH WEST (EN,1,Finch West,95,,
FINCH WEST TO PIONEER,FINCH WEST TO PIONEER,1,Finch,90,,
FINCH WEST TO VMC,FINCH WEST TO VMC,1,Finch,90,,
FINCH WEST TO VMC STAT,FINCH WEST TO VMC STAT,1,Finch,90,,
FINCH WEST TO WILSON,FINCH WEST TO WILSON,1,Finch,90,,
FULL LINE,FULL LINE,1,Jane,60,,
GLENACAIRN STATION (AP,GLENACAIRN (AP,1,Glencairn,80,,
GLENAYR EE,GLENAYR EE,1,Glencairn,63,,
GLENAYR SUBSTATION,GLENAYR SUBSTATION,1,Union,68,,
GLENCAIRN,GLENCAIRN,1,Glencairn,100,1,
GLENCAIRN TO ST GEORGE,GLENCAIRN TO ST GEORGE,1,Glencairn,90,,
GO PROTOCOL - BARRIE L,GO PROTOCOL - BARRIE L,1,Bay,68,,
GO PROTOCOL - DANFORTH,GO PROTOCOL - DANFORTH,1,Forest Hill,56,,
GREEENWOOD YARD,GREEENWOOD YARD,1,Greenwood,80,,
GREENWOOD - TRACK TRAI,GREENWOOD - TRACK TRAI,1,Greenwood,90,,
GREENWOOD CARHOUSE - T,GREENWOOD CARHOUSE - T,1,Greenwood,90,,
GREENWOOD COMPLEX - TR,GREENWOOD COMPLEX - TR,1,Greenwood,90,,
GREENWOOD PLANT BUILDI,GREENWOOD PLANT BUILDI,1,Greenwood,90,,
GREENWOOD PORTAL (EXIT,GREENWOOD PORTAL (EXIT,1,Greenwood,90,,
GREENWOOD SHOPS - 41 T,GREENWOOD SHOPS - 41 T,1,Greenwood,90,,
GREENWOOD SHOPS TRACK,GREENWOOD SHOPS TRACK,1,Greenwood,90,,
GREENWOOD SHOPS.,GREENWOOD SHOPS.,1,Greenwood,90,,
GREENWOOD STATION (APP,GREENWOOD (APP,1,Greenwood,90,,
GREENWOOD STATION CARH,GREENWOOD CARH,1,Greenwood,90,,
GREENWOOD T&S BUILDING,GREENWOOD T&S BUILDING,1,Greenwood,90,,
GREENWOOD TO DONLANDS,GREENWOOD TO DONLANDS,1,Donlands,90,,
GREENWOOD TRACK & STRU,GREENWOOD TRACK & STRU,1,Greenwood,90,,
GREENWOOD TRACK&STRUCT,GREENWOOD TRACK&STRUCT,1,Greenwood,90,,
GREENWOOD TRACK/STRUCT,GREENWOOD TRACK/STRUCT,1,Greenwood,90,,
GREENWOOD WOOD,GREENWOOD WOOD,1,Greenwood,90,,
GREENWOOD WYE (ENTERI,GREENWOOD WYE (ENTERI,1,Greenwood,90,,
GREENWOOD WYE DEPARTIN,GREENWOOD WYE DEPARTIN,1,Greenwood,90,,
GUNN BUILDING - 2ND FL,GUNN BUILDING - 2ND FL,1,King,68,,
GUNN BUILDING - 3RD FL,GUNN BUILDING - 3RD FL,1,King,68,,
GUNN BUILDING - ELEVAT,GUNN BUILDING - ELEVAT,1,King,68,,
HIGH PARK,HIGH PARK,1,High Park,100,1,
HIGH PARK - KEELE,HIGH PARK - KEELE,1,High Park,90,,
HIGH PARK - KEELE STAT,HIGH PARK - KEELE STAT,1,High Park,90,,
HIGH PARK AND LANSDOWN,HIGH PARK AND LANSDOWN,1,High Park,90,,
HIGH PARK STATION (APP,HIGH PARK (APP,1,High Park,90,,
HIGH PARK STATION (ENT,HIGH PARK (ENT,1,High Park,90,,
HIGHWAY 407 STATION TO,HIGHWAY 407 TO,1,Highway 407,95,,
HILLCREST - GUNN BUILD,HILLCREST - GUNN BUILD,1,Chester,57,,
HILLCREST - PAINT AND,HILLCREST - PAINT AND,1,Jane and Finch,86,,
HILLCREST - SUBWAY OPE,HILLCREST - SUBWAY OPE,1,Bay,68,,
HILLCREST COMPLEX,HILLCREST COMPLEX,1,Chester,57,,
HILLCREST COMPLEX - IN,HILLCREST COMPLEX - IN,1,King,60,,
HILLCREST GATE,HILLCREST GATE,1,Chester,57,,
HILLCREST POWER CONTRO,HILLCREST POWER CONTRO,1,O'Connor,61,,
HOSTLER 2 WILSON YARD,HOSTLER 2 WILSON YARD,1,Wilson,90,,
HWY 407 & DOWNSVIEW PA,HWY 407 & DOWNSVIEW PA,1,Downsview Park,86,,
INGLIS BUILDING - 3RD,INGLIS BUILDING - 3RD,1,King,77,,
INTERCHANGE WAY EE,INTERCHANGE WAY EE,1,Bay,68,,
ISLINGTON AND JANE,ISLINGTON AND JANE,1,Islington,90,,
ISLINGTON STATION ( AP,ISLINGTON ( AP,1,Islington,90,,
ISLINGTON STATION (ENT,ISLINGTON (ENT,1,Islington,90,,
ISLINGTON STATION (EXI,ISLINGTON (EXI,1,Islington,90,,
ISLINGTON STATION (LEA,ISLINGTON (LEA,1,Islington,90,,
ISLINGTON STATION LEAV,ISLINGTON LEAV,1,Islington,90,,
ISLINGTON SUBSTATION,ISLINGTON SUBSTATION,1,Islington,90,,
ISLINGTON TO COXWELL S,ISLINGTON TO COXWELL S,1,Islington,90,,
ISLINGTON TO HIGH PARK,ISLINGTON TO HIGH PARK,1,Islington,90,,
ISLINGTON TO KEELE,ISLINGTON TO KEELE,1,Islington,90,,
ISLINGTON TO KIPLING,ISLINGTON TO KIPLING,1,Kipling,90,,
ISLINGTON TO KIPLING S,ISLINGTON TO KIPLING S,1,Kipling,90,,
ISLINGTON TO KIPLING-,ISLINGTON TO KIPLING-,1,Kipling,90,,
ISLINGTON TO LANSDOWN,ISLINGTON TO LANSDOWN,1,Islington,90,,
ISLINGTON TO OLD MILL,ISLINGTON TO OLD MILL,1,Islington,90,,
ISLINGTON TO PRINCE ED,ISLINGTON TO PRINCE ED,1,Islington,90,,
ISLINTON STATION,ISLINTON,1,Islington,94,1,
JANE & RUNNYMEDE STATI,JANE & RUNNYMEDE STATI,1,Jane,90,,
JANE AND DUFFERIN,JANE AND DUFFERIN,1,Jane,90,,
JANE AND HWY 407,JANE AND HWY 407,1,Jane,90,,
JANE STATION (APPROACH,JANE (APPROACH,1,Jane,90,,
JANE STATION (EXITING),JANE (EXITING),1,Jane,90,,
JANE STATION TO KIPLIN,JANE TO KIPLIN,1,Jane,90,,
JANE STATION TO OLD MI,JANE TO OLD MI,1,Jane,90,,
JANE TO KEELE STATIONS,JANE TO KEELES,1,Jane,90,,
JANE TO ST GEORGE STAT,JANE TO ST GEORGE STAT,1,Jane,90,,
KEELE STATION (CROSSIN,KEELE (CROSSIN,1,Keele,90,,
KEELE STATION (ENTERIN,KEELE (ENTERIN,1,Keele,90,,
KEELE STATION (EXITING,KEELE (EXITING,1,Keele,90,,
KEELE STATION TO DUNDA,KEELE TO DUNDA,1,Keele,90,,
KEELE STATION TO KIPLI,KEELE TO KIPLI,1,Keele,90,,
KEELE TO HIGH PARK STA,KEELE TO HIGH PARK STA,1,High Park,90,,
KENENDY STATION,KENENDY,1,Kennedy,86,,
KENNDY STATION,KENNDY,1,Kennedy,92,,
KENNEDY,KENNEDY,1,Kennedy,100,1,
KENNEDY - MCCOWAN,KENNEDY - MCCOWAN,1,Kennedy,90,,
KENNEDY - WARDEN - MAI,KENNEDY - WARDEN - MAI,1,Warden,90,,
KENNEDY AND SCARBOROUG,KENNEDY AND SCARBOROUG,1,Kennedy,90,,
KENNEDY BD STATION ( A,KENNEDY BD ( A,1,Kennedy,90,,
KENNEDY BD STATION (EX,KENNEDY BD (EX,1,Kennedy,90,,
KENNEDY BD STATION (LE,KENNEDY BD (LE,1,Kennedy,90,,
KENNEDY BD STATION (PL,KENNEDY BD (PL,1,Kennedy,90,,
KENNEDY BD STATION APP,KENNEDY BD APP,1,Kennedy,90,,
KENNEDY BD STATION PLA,KENNEDY BD PLA,1,Kennedy,90,,
KENNEDY BD STATION- PL,KENNEDY BD- PL,1,Kennedy,90,,
KENNEDY BD TO KIPLING,KENNEDY BD TO KIPLING,1,Kipling,90,,
KENNEDY PLATFORM 1,KENNEDY PLATFORM 1,1,Kennedy,90,,
KENNEDY SRT AND LAWREN,KENNEDY SRT AND LAWREN,1,Kennedy,90,,
KENNEDY SRT STATION (D,KENNEDY SRT (D,1,Kennedy,90,,
KENNEDY SRT STATION -,KENNEDY SRT -,1,Kennedy,90,,
KENNEDY SRT STATION LA,KENNEDY SRT LA,1,Kennedy,90,,
KENNEDY SRT TO MCCOWA,KENNEDY SRT TO MCCOWA,1,Kennedy,90,,
KENNEDY SRT TO MCCOWAN,KENNEDY SRT TO MCCOWAN,1,Kennedy,90,,
KENNEDY STATION (PALTF,KENNEDY (PALTF,1,Kennedy,90,,
KENNEDY TO COXWELL,KENNEDY TO COXWELL,1,Coxwell,90,,
KENNEDY TO LAWREBCE EA,KENNEDY TO LAWREBCE EA,1,Kennedy,90,,
KENNEDY TO LAWRENCE SR,KENNEDY TO LAWRENCE SR,1,Lawrence,90,,
KENNEDY TO MAIN STREET,KENNEDY TO MAIN STREET,1,Main Street,90,,
KENNEDY TO MC COWAN ST,KENNEDY TO MC COWAN ST,1,Kennedy,90,,
KENNEDY TO MCCOWAN - L,KENNEDY TO MCCOWAN - L,1,Kennedy,90,,
KENNEDY TO WARDEN,KENNEDY TO WARDEN,1,Warden,90,,
KENNEDY TO WARDEN STAT,KENNEDY TO WARDEN STAT,1,Warden,90,,
KILPING STATION,KILPING,1,Kipling,86,,
KILPING STATION TO JAN,KILPING TO JAN,1,Kipling,77,,
KING AND BATHURST,KING AND BATHURST,1,King,90,,
KING STATION (200 FEET,KING (200 FEET,1,King,90,,
KING STATION (APPROACH,KING (APPROACH,1,King,90,,
KING STATION APPROACHI,KING APPROACHI,1,King,90,,
KING STATION TO OSGOOD,KING TO OSGOOD,1,King,90,,
KING STATION TO ST CLA,KING TO ST CLA,1,King,90,,
KING STATION TO ST GEO,KING TO ST GEO,1,King,90,,
KING STATION TO ST. CL,KING TO ST. CL,1,King,90,,
KING STATION TO UNION,KING TO UNION,1,King,90,,
KING TO COLLEGE,KING TO COLLEGE,1,College,90,,
KING TO EGLINTON STATO,KING TO EGLINTON STATO,1,Eglinton,90,,
KING TO OSGOODE,KING TO OSGOODE,1,King,90,,
KING TO OSGOODE STATIO,KING TO OSGOODE,1,King,90,,
KING TO S/O ST ANDREW,KING TO S/O ST ANDREW,1,King,90,,
KING TO SPADINA,KING TO SPADINA,1,King,90,,
KING TO SPADINA STATIO,KING TO SPADINA,1,King,90,,
KING TO ST CLAIR W,KING TO ST CLAIR W,1,King,90,,
KING TO ST CLAIR WEST,KING TO ST CLAIR WEST,1,King,90,,
KING TO UNION STATION,KING TO UNION,1,King,90,,
KING TO UNION STATIONS,KING TO UNIONS,1,King,90,,
KIPLING & UNION,KIPLING & UNION,1,Union,90,,
KIPLING - ISLIINGTON S,KIPLING - ISLIINGTON S,1,Kipling,90,,
KIPLING - KENNEDY,KIPLING - KENNEDY,1,Kipling,90,,
KIPLING BD STATION,KIPLING BD,1,Kipling,95,,
KIPLING HUB,KIPLING HUB,1,Kipling,90,,
KIPLING PLATFORM # 1,KIPLING PLATFORM # 1,1,Kipling,90,,
KIPLING SATION,KIPLING SATION,1,Kipling,90,,
KIPLING STATION (EXITI,KIPLING (EXITI,1,Kipling,90,,
KIPLING STATION - KENN,KIPLING - KENN,1,Kipling,90,,
KIPLING STATION - PLAT,KIPLING - PLAT,1,Kipling,90,,
KIPLING STATION APPROA,KIPLING APPROA,1,Kipling,90,,
KIPLING STATION PLATFO,KIPLING PLATFO,1,Kipling,90,,
KIPLING STATION TO HIG,KIPLING TO HIG,1,Kipling,90,,
KIPLING TAIL TRACK 2,KIPLING TAIL TRACK 2,1,Kipling,90,,
KIPLING TO COXWELL,KIPLING TO COXWELL,1,Kipling,90,,
KIPLING TO HIGH PARK,KIPLING TO HIGH PARK,1,Kipling,90,,
KIPLING TO HIGH PARK S,KIPLING TO HIGH PARK S,1,Kipling,90,,
KIPLING TO ISLINTON ST,KIPLING TO ISLINTON ST,1,Kipling,90,,
KIPLING TO KENNEDY STN,KIPLING TO KENNEDY STN,1,Kipling,90,,
KIPLING TO OLD MILL,KIPLING TO OLD MILL,1,Kipling,90,,
KIPLING TO UNION STATI,KIPLING TO UNION STATI,1,Union,90,,
LAKESHORE AND YORK,LAKESHORE AND YORK,1,York Mills,86,,
LANDOWNE STATION,LANDOWNE,1,Lansdowne,94,1,
LANDSDOWNE STATION,LANDSDOWNE,1,Lansdowne,95,,
LANSDOWN STATION,LANSDOWN,1,Lansdowne,94,1,
LANSDOWN TO ISLINGTON,LANSDOWN TO ISLINGTON,1,Islington,90,,
LANSDOWNE STATION AND,LANSDOWNE AND,1,Lansdowne,95,,
LATE OPENING - ST. GEO,LATE OPENING - ST. GEO,1,St. Clair,86,,
LAWERENCE STATION,LAWERENCE,1,Lawrence,94,1,
LAWRECNE WEST TO FINCH,LAWRECNE WEST TO FINCH,1,Finch,90,,
LAWRENCE,LAWRENCE,1,Lawrence,100,1,
LAWRENCE - AUTO ENTRAN,LAWRENCE - AUTO ENTRAN,1,Lawrence,90,,
LAWRENCE AND YONGE,LAWRENCE AND YONGE,1,Lawrence,90,,
LAWRENCE EAST - KENNE,LAWRENCE EAST - KENNE,1,Lawrence,90,,
LAWRENCE EAST - KENNED,LAWRENCE EAST - KENNED,1,Lawrence,90,,
LAWRENCE EAST TO ELLES,LAWRENCE EAST TO ELLES,1,Lawrence,90,,
LAWRENCE STATION (LEAV,LAWRENCE (LEAV,1,Lawrence,90,,
LAWRENCE STATION APPRO,LAWRENCE APPRO,1,Lawrence,90,,
LAWRENCE STATION TO ST,LAWRENCE TO ST,1,Lawrence,90,,
LAWRENCE SUB STATION,LAWRENCE SUB,1,Lawrence,90,,
LAWRENCE TO EGLINTON,LAWRENCE TO EGLINTON,1,Lawrence,90,,
LAWRENCE TO EGLINTON S,LAWRENCE TO EGLINTON S,1,Lawrence,90,,
LAWRENCE TO ST.CLAIR S,LAWRENCE TO ST.CLAIR S,1,Lawrence,90,,
LAWRENCE WEST CENTER T,LAWRENCE WEST CENTER T,1,Lawrence,90,,
LAWRENCE WEST CENTRE,LAWRENCE WEST CENTRE,1,Lawrence,90,,
LAWRENCE WEST CT,LAWRENCE WEST CT,1,Lawrence West,95,,
LAWRENCE WEST TO FINCH,LAWRENCE WEST TO FINCH,1,Finch,90,,
LAWRENCE WEST TO ST AN,LAWRENCE WEST TO ST AN,1,Lawrence,90,,
LEAVING DON MILLS,LEAVING DON MILLS,1,Don Mills,90,,
LEAVING ISLINGTON,LEAVING ISLINGTON,1,Islington,90,,
LEAVING KENNEDY STATIO,LEAVING KENNEDY,1,Kennedy,90,,
LEAVING LAWRENCE EAST,LEAVING LAWRENCE EAST,1,Lawrence,90,,
LEAVING PAPE,LEAVING PAPE,1,Pape,90,,
LEAVING SHEPPARD STATI,LEAVING SHEPPARD STATI,1,Sheppard–Yonge,86,,
LEAVING SHEPPARD-YONGE,LEAVING SHEPPARD-YONGE,1,Sheppard–Yonge,90,,
LEAVING SHEPPARD/YONGE,LEAVING SHEPPARD/YONGE,1,Sheppard–Yonge,90,,
LEAVING YONGE-SHEPPARD,LEAVING YONGE-SHEPPARD,1,Sheppard–Yonge,86,,
LEAVING YONGE/SHEPPARD,LEAVING YONGE/SHEPPARD,1,Sheppard–Yonge,86,,
LEONA EE,LEONA EE,1,Keele,68,,
LESLIE STATION (ENTERI,LESLIE (ENTERI,1,Leslie,90,,
LESLIE STATION (LEAVIN,LESLIE (LEAVIN,1,Leslie,90,,
LESLIE STATION - APPRO,LESLIE - APPRO,1,Leslie,90,,
LESLIE STATION APROACH,LESLIE APROACH,1,Leslie,90,,
LESLIE STATION(APPROAC,LESLIE(APPROAC,1,Leslie,90,,
LINE 1 - EARLY ACCESS,LINE 1 - EARLY ACCESS,1,Albion,60,,
LINE 1 - YONGE-UNIVER,LINE 1 - YONGE-UNIVER,1,Sheppard–Yonge,86,,
LINE 1 - YONGE-UNIVERI,LINE 1 - YONGE-UNIVERI,1,Sheppard–Yonge,86,,
LINE 1 - YONGE-UNIVSER,LINE 1 - YONGE-UNIVSER,1,Sheppard–Yonge,86,,
LINE 1 AND LINE 2 AND,LINE 1 AND LINE 2 AND,1,Jane and Finch,86,,
LINE 1 BLOOR TO QUEEN,LINE 1 BLOOR TO QUEEN,1,Queen,90,,
LINE 1 EARLY ACCESS CL,LINE 1 EARLY ACCESS CL,1,Albion,60,,
LINE 1 SUBWAY,LINE 1 SUBWAY,1,Bay,72,,
LINE 1 SUBWAY CLOSURE,LINE 1 SUBWAY CLOSURE,1,Bay,68,,
LINE 1 YONGE - UNIVERS,LINE 1 YONGE - UNIVERS,1,Sheppard–Yonge,86,,
LINE 1 YONGE-UNIVERIST,LINE 1 YONGE-UNIVERIST,1,Sheppard–Yonge,86,,
LINE 1 YU,LINE 1 YU,1,Albion,60,,
LINE 1 YUS (YORK MILLS,LINE 1 YUS (YORK MILLS,1,York Mills,90,,
LINE 1: YONGE-UNIVERIS,LINE 1: YONGE-UNIVERIS,1,Sheppard–Yonge,86,,
LINE 1: YONGE-UNIVERSI,LINE 1: YONGE-UNIVERSI,1,Sheppard–Yonge,86,,
LINE 2 (BD),LINE 2 (BD),1,Albion,60,,
LINE 2 - BD,LINE 2 - BD,1,Albion,60,,
LINE 2 - BLOOR-DANFOTH,LINE 2 - BLOOR-DANFOTH,1,Bloor–Yonge,86,,
LINE 2 BLOOR / DANFORT,LINE 2 BLOOR / DANFORT,1,Bloor–Yonge,86,,
LINE 2 BLOOR- DANFORTH,LINE 2 BLOOR- DANFORTH,1,Bloor–Yonge,86,,
LINE 2 OPEN CUT AREAS,LINE 2 OPEN CUT AREAS,1,Albion,60,,
LINE 2: BLOOR-DANFORTH,LINE 2: BLOOR-DANFORTH,1,Bloor–Yonge,86,,
LINE 3 - KENNEDY TO MC,LINE 3 - KENNEDY TO MC,1,Kennedy,90,,
LINE 4 SHEPPARD YONGE,LINE 4 SHEPPARD YONGE,1,Sheppard–Yonge,90,,
LINE1 - YONGE-UNIVERSI,LINE1 - YONGE-UNIVERSI,1,Sheppard–Yonge,86,,
LINE1 - YONGE-UNIVSERS,LINE1 - YONGE-UNIVSERS,1,Sheppard–Yonge,86,,
LINE1 - YOUNGE-UNIVERS,LINE1 - YOUNGE-UNIVERS,1,Albion,60,,
LOST ARTICLES OFFICE -,LOST ARTICLES OFFICE -,1,Finch,60,,
LOWER BAY,LOWER BAY,1,Bay,90,,
MAIN STREET AND UNION,MAIN STREET AND UNION,1,Union,90,,
MAIN STREET STAITON,MAIN STREET STAITON,1,Main Street,90,,
MAIN STREET STATION (A,MAIN STREET (A,1,Main Street,95,,
MAIN STREET STATION (E,MAIN STREET (E,1,Main Street,95,,
MAIN TO VICTORIA PARK,MAIN TO VICTORIA PARK,1,Victoria Park,90,,
MAINLINE STORAGE,MAINLINE STORAGE,1,Main Street,67,,
MAINLINE STORAGE LOG,MAINLINE STORAGE LOG,1,Albion,60,,
MARKDALE EEB,MARKDALE EEB,1,Yorkdale,73,,
MASSEY CREEK EE,MASSEY CREEK EE,1,Keele,60,,
MC BRIEN,MC BRIEN,1,Queen,51,,
MC BRIEN BUILDING,MC BRIEN BUILDING,1,King,77,,
MCBRIAN BUILDING,MCBRIAN BUILDING,1,King,77,,
MCBRIEN BUIDING,MCBRIEN BUIDING,1,King,77,,
MCCOWAN CAR HOUSE,MCCOWAN CAR HOUSE,1,Museum,60,,
MCCOWAN PARKING LOT,MCCOWAN PARKING LOT,1,King,90,,
MCCOWAN STATION (APPRO,MCCOWAN (APPRO,1,Jane,57,,
MCCOWAN STATION (DEPAR,MCCOWAN (DEPAR,1,Jane,57,,
MCCOWAN STATION (ENTER,MCCOWAN (ENTER,1,Chester,60,,
MCCOWAN STATION NB,MCCOWAN NB,1,Mount Dennis,45,,
MCCOWAN TO KENNEDY SRT,MCCOWAN TO KENNEDY SRT,1,Kennedy,90,,
MCCOWAN YARD - 3 TRACK,MCCOWAN YARD - 3 TRACK,1,Laird,64,,
MCDONALD CARTIER EE,MCDONALD CARTIER EE,1,Christie,61,,
MCDONALD CARTIER EMERG,MCDONALD CARTIER EMERG,1,Emery,72,,
MIDLAND APPROACHING,MIDLAND APPROACHING,1,King,77,,
MIDLAND STATION TO ELL,MIDLAND TO ELL,1,Lansdowne,60,,
MIDLAND TO SCARBOROUGH,MIDLAND TO SCARBOROUGH,1,Donlands,64,,
MIGRATION POINT EGLINT,MIGRATION POINT EGLINT,1,Eglinton,77,,
MILL STREET EMERGENCY,MILL STREET EMERGENCY,1,Old Mill,86,,
MOORE GATE,MOORE GATE,1,Bloor–Yonge,57,,
MULTIPLE STATIONS,MULTIPLES,1,TMU,72,,
MUSEUM ( TUNNEL),MUSEUM ( TUNNEL),1,Museum,90,,
MUSEUM - OSGOODE,MUSEUM - OSGOODE,1,Osgoode,90,,
MUSEUM STATION (APPROA,MUSEUM (APPROA,1,Museum,90,,
MUSEUM STATION (LEAVIN,MUSEUM (LEAVIN,1,Museum,90,,
MUSEUM STATION ST. GEO,MUSEUM ST. GEO,1,Museum,90,,
MUSEUM STATION TO FINC,MUSEUM TO FINC,1,Museum,90,,
MUSEUM STATION TO OSGO,MUSEUM TO OSGO,1,Museum,90,,
MUSEUM TO EGLINTON STA,MUSEUM TO EGLINTON STA,1,Eglinton,90,,
MUSEUM TO FINCH STATIO,MUSEUM TO FINCH,1,Finch,90,,
MUSEUM TO ST ANDREW ST,MUSEUM TO ST ANDREW ST,1,Museum,90,,
N/B TOWARDS FINCH,N/B TOWARDS FINCH,1,Finch,90,,
N/END SPADINA TO S/END,N/END SPADINA TO S/END,1,Spadina,90,,
N/END YORK MILLS TO S/,N/END YORK MILLS TO S/,1,York Mills,90,,
N/O COLLEGE TO S/END S,N/O COLLEGE TO S/END S,1,College,90,,
N/O DAVISVILLE STATION,N/O DAVISVILLE,1,Davisville,95,,
N/O DUPONT TO N/END ST,N/O DUPONT TO N/END ST,1,Dupont,90,,
N/O FINCH TO S/O NORT,N/O FINCH TO S/O NORT,1,Finch,90,,
N/O FINCH TO S/O NORTH,N/O FINCH TO S/O NORTH,1,Finch,90,,
N/O LAWRENCE WEST STAT,N/O LAWRENCE WEST STAT,1,Lawrence,90,,
N/O QUEEN TO MARKDALE,N/O QUEEN TO MARKDALE,1,Queen,90,,
N/O SHEPPARD TO FINCH,N/O SHEPPARD TO FINCH,1,Finch,90,,
N/O SUMMERHILL TO S/O,N/O SUMMERHILL TO S/O,1,Summerhill,90,,
N/O WILSON TO S/O SHEP,N/O WILSON TO S/O SHEP,1,Wilson,90,,
N/O YORK MILLS TO DAVI,N/O YORK MILLS TO DAVI,1,York Mills,90,,
NORTH HOSTLER (LEAVING,NORTH HOSTLER (LEAVING,1,King,77,,
NORTH HOSTLER - FIRE D,NORTH HOSTLER - FIRE D,1,Chester,64,,
NORTH YORK CTR TO FINC,NORTH YORK CTR TO FINC,1,York Mills,86,,
NORTH YORK CTR TO ST A,NORTH YORK CTR TO ST A,1,York Mills,86,,
OAKVALE SUBSTATION,OAKVALE SUBSTATION,1,Union,68,,
OLD MILL STATION (EXIT,OLD MILL (EXIT,1,Old Mill,90,,
OLD MILL STATION TO JA,OLD MILL TO JA,1,Old Mill,90,,
OLD MILL TO ISLINGTON,OLD MILL TO ISLINGTON,1,Islington,90,,
OLD MILL TO ROYAL YORK,OLD MILL TO ROYAL YORK,1,Royal York,90,,
OLD MILLS STATION,OLD MILLS,1,Old Mill,94,1,
OPEN CUT AREAS,OPEN CUT AREAS,1,Warden,57,,
OSGOODE,OSGOODE,1,Osgoode,100,1,
OSGOODE STATION POCKET,OSGOODE POCKET,1,Osgoode,90,,
OSGOODE STATION TO COL,OSGOODE TO COL,1,Osgoode,90,,
OSGOODE TO BLOOR,OSGOODE TO BLOOR,1,Osgoode,90,,
OSGOODE TO COLLEGE STA,OSGOODE TO COLLEGE STA,1,College,90,,
OSSIGNTON STATION,OSSIGNTON,1,Ossington,89,,
OSSINGTION STAITON,OSSINGTION STAITON,1,Ossington,80,,
OSSINGTON AND DUFFERIN,OSSINGTON AND DUFFERIN,1,Dufferin,90,,
OSSINGTON AND LANSDOWN,OSSINGTON AND LANSDOWN,1,Ossington,90,,
OSSINGTON CENTRE,OSSINGTON CENTRE,1,Ossington,90,,
OSSINGTON STAITON,OSSINGTON STAITON,1,Ossington,90,,
OSSINGTON STATION (APP,OSSINGTON (APP,1,Ossington,90,,
OSSINGTON STATION (EXI,OSSINGTON (EXI,1,Ossington,90,,
OSSINGTON STATION(APPR,OSSINGTON(APPR,1,Ossington,90,,
OSSINGTON STATION-CENT,OSSINGTON-CENT,1,Ossington,90,,
OSSINGTON STATON,OSSINGTON STATON,1,Ossington,90,,
OSSINGTON TO CHESTER,OSSINGTON TO CHESTER,1,Ossington,90,,
OSSINGTON TO JANE,OSSINGTON TO JANE,1,Jane,90,,
OSSINGTON TO PAPE,OSSINGTON TO PAPE,1,Ossington,90,,
PAPE,PAPE,1,Pape,100,1,
PATTON BULDING,PATTON BULDING,1,King,77,,
PIONEER VILLAGE AND VA,PIONEER VILLAGE AND VA,1,Pioneer Village,95,,
PIONNER VILLAGE STATIO,PIONNER VILLAGE,1,Pioneer Village,93,1,
PLANT OPS BLDG,PLANT OPS BLDG,1,Sloane,57,,
PLATFORM 2 FINCH,PLATFORM 2 FINCH,1,Finch,90,,
PRINCE EDWARD SUBSTATI,PRINCE EDWARD SUBSTATI,1,Warden,60,,
PRINCE EDWARD VIADUCT,PRINCE EDWARD VIADUCT,1,Warden,60,,
QUEEN ALBERT,QUEEN ALBERT,1,Queen,90,,
QUEEN STATION TO ST AN,QUEEN TO ST AN,1,Queen,90,,
QUEEN TO FINCH STATION,QUEEN TO FINCH,1,Finch,90,,
QUEEN TO KING STATIONS,QUEEN TO KINGS,1,Queen,90,,
QUEEN TO MUSEUM STATIO,QUEEN TO MUSEUM,1,Queen,90,,
QUEEN'S PARK STATION (,QUEEN'S PARK (,1,Queen's Park,100,1,
QUEEN'S PARK TO ST CLA,QUEEN'S PARK TO ST CLA,1,Queen,90,,
QUEEN'S QUAY ELEVATOR,QUEEN'S QUAY ELEVATOR,1,Queen,90,,
QUEENS QUAY (UNION),QUEENS QUAY (UNION),1,Queen,90,,
QUEENS QUAY ELEAVATOR,QUEENS QUAY ELEAVATOR,1,Queen,90,,
QUEENS QUAY LOOP,QUEENS QUAY LOOP,1,Queen,90,,
QUEENS QUAY STATION (,QUEENS QUAY (,1,Queen,90,,
QUEENS' QUAY STATION,QUEENS' QUAY,1,Queen,90,,
RAMPS BAY LOWER,RAMPS BAY LOWER,1,Bay,90,,
RONCEVALLES DIVISION,RONCEVALLES DIVISION,1,Union,68,,
ROSEDALE STATION (APP,ROSEDALE (APP,1,Rosedale,90,,
ROSEDALE STATION (APPR,ROSEDALE (APPR,1,Rosedale,90,,
ROSEDALE TO BLOOR,ROSEDALE TO BLOOR,1,Rosedale,90,,
ROSEDALE-WELLESLEY STA,ROSEDALE-WELLESLEY STA,1,Rosedale,90,,
ROXBOROUGH AND YONGE,ROXBOROUGH AND YONGE,1,Bloor–Yonge,86,,
ROYAL YORK AND ISLINGT,ROYAL YORK AND ISLINGT,1,Royal York,90,,
ROYAL YORK STATION (EN,ROYAL YORK (EN,1,Royal York,95,,
ROYAL YORK STATION (LE,ROYAL YORK (LE,1,Royal York,95,,
ROYAL YORK STATION(APP,ROYAL YORK(APP,1,Royal York,95,,
ROYAL YORK TO DONLANDS,ROYAL YORK TO DONLANDS,1,Royal York,90,,
ROYAL YORK TO ISLINGTO,ROYAL YORK TO ISLINGTO,1,Royal York,90,,
RUSSEL HILL EE - INTRU,RUSSEL HILL EE - INTRU,1,Forest Hill,86,,
RUSSELL HILL EMERGENCY,RUSSELL HILL EMERGENCY,1,Forest Hill,86,,
RUSSELL SUBSTATION,RUSSELL SUBSTATION,1,Union,68,,
S/E MUSEUM / TO SE SPA,S/E MUSEUM / TO SE SPA,1,Museum,90,,
S/O EGLINTON TO ST CLA,S/O EGLINTON TO ST CLA,1,Eglinton,90,,
S/O SHEPPARD TO DAVISV,S/O SHEPPARD TO DAVISV,1,Sheppard–Yonge,86,,
S/O TEDDINGTON TO S/O,S/O TEDDINGTON TO S/O,1,Queen's Park,86,,
SAFE APP,SAFE APP,1,Pape,60,,
SCARB CENTRE STATION,SCARB CENTRE,1,North York Centre,63,,
SCARBOROUGH RAOID TRAN,SCARBOROUGH RAOID TRAN,1,Jane,60,,
SCARBOROUGH RAPID LINE,SCARBOROUGH RAPID LINE,1,Jane,60,,
SCARBOROUGH RAPID TRA,SCARBOROUGH RAPID TRA,1,St. Clair,55,,
SCARBOROUGH RT,SCARBOROUGH RT,1,St. Clair,55,,
SCARBOROUGH RT LINE,SCARBOROUGH RT LINE,1,Jane,60,,
SCARBOROUGH SRT,SCARBOROUGH SRT,1,St. Clair,55,,
SCARBOROUGH SRT LINE,SCARBOROUGH SRT LINE,1,Jane,60,,
SCARBOROUGH TOWN CENTR,SCARBOROUGH TOWN CENTR,1,Chester,60,,
SCARBORUGH RAPID TRANS,SCARBORUGH RAPID TRANS,1,St. Clair,55,,
SCARBORUOGH RAPID TRAN,SCARBORUOGH RAPID TRAN,1,Jane,60,,
SEHPPARD STATION,SEHPPARD,1,Sheppard–Yonge,79,,
SHEBOURNE STATION,SHEBOURNE,1,Sherbourne,95,,
SHEPPARD - EGLINTON ST,SHEPPARD - EGLINTON ST,1,Eglinton,90,,
SHEPPARD - YONGE (LINE,SHEPPARD - YONGE (LINE,1,Sheppard–Yonge,86,,
SHEPPARD - YONGE STATI,SHEPPARD - YONGE STATI,1,Sheppard–Yonge,86,,
SHEPPARD AND YORK MIL,SHEPPARD AND YORK MIL,1,Sheppard–Yonge,86,,
SHEPPARD DISTRUBTION,SHEPPARD DISTRUBTION,1,Sheppard West,86,,
SHEPPARD HUB,SHEPPARD HUB,1,Sheppard–Yonge,76,,
SHEPPARD SIGNAL POWER,SHEPPARD SIGNAL POWER,1,Sheppard–Yonge,86,,
SHEPPARD STATION (APPR,SHEPPARD (APPR,1,Sheppard–Yonge,72,,
SHEPPARD STATION (ENTE,SHEPPARD (ENTE,1,Sheppard West,81,,
SHEPPARD STATION - EGL,SHEPPARD - EGL,1,Sheppard–Yonge,76,,
SHEPPARD STATION TO YO,SHEPPARD TO YO,1,Sheppard–Yonge,79,,
SHEPPARD SUBSTATION,SHEPPARD SUBSTATION,1,Sheppard West,72,,
SHEPPARD TAIL,SHEPPARD TAIL,1,Sheppard West,77,,
SHEPPARD TAIL TRACK #2,SHEPPARD TAIL TRACK #2,1,Sheppard–Yonge,86,,
SHEPPARD TO BAYVIEW,SHEPPARD TO BAYVIEW,1,Bay,90,,
SHEPPARD TO BLOOR,SHEPPARD TO BLOOR,1,Bloor–Yonge,86,,
SHEPPARD TO COLLEGE ST,SHEPPARD TO COLLEGE ST,1,College,90,,
SHEPPARD TO EGLINTON,SHEPPARD TO EGLINTON,1,Eglinton,90,,
SHEPPARD TO EGLINTON L,SHEPPARD TO EGLINTON L,1,Eglinton,90,,
SHEPPARD TO YORK MILLS,SHEPPARD TO YORK MILLS,1,York Mills,90,,
SHEPPARD WEST,SHEPPARD WEST,1,Sheppard West,100,1,
SHEPPARD WEST - WILSON,SHEPPARD WEST - WILSON,1,Wilson,90,,
SHEPPARD WEST EE (3940,SHEPPARD WEST EE (3940,1,Sheppard West,90,,
SHEPPARD WEST MIGRATI,SHEPPARD WEST MIGRATI,1,Sheppard West,90,,
SHEPPARD WEST SATION,SHEPPARD WEST SATION,1,Sheppard West,90,,
SHEPPARD WEST TO DOWNS,SHEPPARD WEST TO DOWNS,1,Sheppard West,90,,
SHEPPARD WEST TO ST. C,SHEPPARD WEST TO ST. C,1,Sheppard West,90,,
SHEPPARD WEST TO UNION,SHEPPARD WEST TO UNION,1,Union,90,,
SHEPPARD YONGE,SHEPPARD YONGE,1,Sheppard–Yonge,100,1,
SHEPPARD-YONGE (TAIL T,SHEPPARD-YONGE (TAIL T,1,Sheppard–Yonge,90,,
SHEPPARD-YONGE AND DON,SHEPPARD-YONGE AND DON,1,Sheppard–Yonge,90,,
SHEPPARD-YONGE AND ST,SHEPPARD-YONGE AND ST,1,Sheppard–Yonge,90,,
SHEPPARD-YONGE LINE 4,SHEPPARD-YONGE LINE 4,1,Sheppard–Yonge,90,,
SHEPPARD-YONGE TAIL,SHEPPARD-YONGE TAIL,1,Sheppard–Yonge,95,,
SHEPPARD/YONGE STATION,SHEPPARD/YONGE,1,Sheppard–Yonge,100,1,
SHERBOURNE AND BLOOR,SHERBOURNE AND BLOOR,1,Sherbourne,90,,
SHERBOURNE STATION (AP,SHERBOURNE (AP,1,Sherbourne,95,,
SHPPARD STATION TO COL,SHPPARD TO COL,1,Sheppard West,67,,
SLOW ZONE LAWRENCE EAS,SLOW ZONE LAWRENCE EAS,1,Lawrence,90,,
SOUTH BOUND SOUTH OF L,SOUTH BOUND SOUTH OF L,1,Sherbourne,54,,
SOUTH OF LAWRENCE SRT,SOUTH OF LAWRENCE SRT,1,Lawrence,90,,
SOUTH OF MIDLAND SRT,SOUTH OF MIDLAND SRT,1,Donlands,68,,
SPADINA AND ADELAIDE,SPADINA AND ADELAIDE,1,Spadina,90,,
SPADINA AND DUNDAS,SPADINA AND DUNDAS,1,Spadina,90,,
SPADINA TO KING,SPADINA TO KING,1,King,90,,
SPADINA TO KING STATIO,SPADINA TO KING,1,King,90,,
SPADINA TO OSGOODE,SPADINA TO OSGOODE,1,Osgoode,90,,
SPADINA TO ST GEORGE B,SPADINA TO ST GEORGE B,1,Spadina,90,,
SPADINA TO UNION STATI,SPADINA TO UNION STATI,1,Union,90,,
SPADINA TO WILSON STAT,SPADINA TO WILSON STAT,1,Spadina,90,,
SPADINA YUS STATION (L,SPADINA YUS (L,1,Spadina,90,,
SPADINA YUS STATION -,SPADINA YUS -,1,Spadina,90,,
SRT - LINE 3,SRT - LINE 3,1,St. Clair,57,,
SRT YARD,SRT YARD,1,Laird,68,,
ST ANDREW,ST ANDREW,1,St. Andrew,95,,
ST ANDREW STATION (LEA,ST ANDREW (LEA,1,St. Andrew,95,,
ST ANDREW STATION TO O,ST ANDREW TO O,1,St. Andrew,95,,
ST ANDREW STATION TO S,ST ANDREW TO S,1,St. Andrew,95,,
ST ANDREW STATION TO U,ST ANDREW TO U,1,St. Andrew,95,,
ST ANDREW STATON,ST ANDREW STATON,1,St. Clair,86,,
ST ANDREW TO BLOOR ST,ST ANDREW TO BLOOR ST,1,St. Clair,86,,
ST ANDREW TO BLOOR STA,ST ANDREW TO BLOOR STA,1,St. Clair,86,,
ST ANDREW TO ST CLAIR,ST ANDREW TO ST CLAIR,1,St. Clair,86,,
ST ANDREW TO UNION,ST ANDREW TO UNION,1,Union,90,,
ST ANDREW TO UNION STA,ST ANDREW TO UNION STA,1,Union,90,,
ST CALIR STATION,ST CALIR,1,St. Clair West,86,,
ST CLAIR & BLOOR,ST CLAIR & BLOOR,1,St. Clair,86,,
ST CLAIR - FINCH STATI,ST CLAIR - FINCH STATI,1,Finch,90,,
ST CLAIR - ROSEDALE,ST CLAIR - ROSEDALE,1,Rosedale,90,,
ST CLAIR - YORK MILLS,ST CLAIR - YORK MILLS,1,York Mills,90,,
ST CLAIR AND UNION STA,ST CLAIR AND UNION STA,1,Union,90,,
ST CLAIR E OF BATHURST,ST CLAIR E OF BATHURST,1,Bathurst,90,,
ST CLAIR E OF YONGE,ST CLAIR E OF YONGE,1,St. Clair,86,,
ST CLAIR STAITON,ST CLAIR STAITON,1,St. Clair,86,,
ST CLAIR STATION (LEAV,ST CLAIR (LEAV,1,St. Clair,86,,
ST CLAIR STATION PLEAS,ST CLAIR PLEAS,1,St. Clair,86,,
ST CLAIR STATION TO DA,ST CLAIR TO DA,1,St. Clair,86,,
ST CLAIR TO BLOOR STAT,ST CLAIR TO BLOOR STAT,1,St. Clair,86,,
ST CLAIR TO DAVISVILLE,ST CLAIR TO DAVISVILLE,1,Davisville,90,,
ST CLAIR TO SHEPPARD S,ST CLAIR TO SHEPPARD S,1,Sheppard–Yonge,86,,
ST CLAIR TO ST ANDREW,ST CLAIR TO ST ANDREW,1,St. Clair,86,,
ST CLAIR TO UNION,ST CLAIR TO UNION,1,Union,90,,
ST CLAIR WEST,ST CLAIR WEST,1,St. Clair West,96,1,
ST CLAIR WEST CENTRE T,ST CLAIR WEST CENTRE T,1,St. Clair West,87,,
ST CLAIR WEST TO EGLIN,ST CLAIR WEST TO EGLIN,1,St. Clair West,87,,
ST CLAIR WEST TO SHEPP,ST CLAIR WEST TO SHEPP,1,St. Clair West,87,,
ST CLAIR WEST TO VMC S,ST CLAIR WEST TO VMC S,1,St. Clair West,87,,
ST GEOGE STATION,ST GEOGE,1,St. George,89,,
ST GEORGE - DUPONT STA,ST GEORGE - DUPONT STA,1,Dupont,90,,
ST GEORGE - LAWRENCE W,ST GEORGE - LAWRENCE W,1,Lawrence,90,,
ST GEORGE AND BLOOR,ST GEORGE AND BLOOR,1,St. Clair,86,,
ST GEORGE AND BROADVIE,ST GEORGE AND BROADVIE,1,St. Clair,86,,
ST GEORGE AND WOODBINE,ST GEORGE AND WOODBINE,1,Woodbine,90,,
ST GEORGE BD STATION (,ST GEORGE BD (,1,St. George,95,,
ST GEORGE BD/YU STATIO,ST GEORGE BD/YU,1,St. Clair,86,,
ST GEORGE BEDFORD,ST GEORGE BEDFORD,1,St. Clair,86,,
ST GEORGE SIGNALS OFFI,ST GEORGE SIGNALS OFFI,1,St. Clair,86,,
ST GEORGE STAION - LE,ST GEORGE STAION - LE,1,St. Clair,86,,
ST GEORGE STATION TO G,ST GEORGE TO G,1,St. George,95,,
ST GEORGE STATION TO S,ST GEORGE TO S,1,St. George,95,,
ST GEORGE STN,ST GEORGE STN,1,St. George,95,,
ST GEORGE TO BAY STATI,ST GEORGE TO BAY STATI,1,Bay,90,,
ST GEORGE TO BLOOR STA,ST GEORGE TO BLOOR STA,1,St. Clair,86,,
ST GEORGE TO FINCH WES,ST GEORGE TO FINCH WES,1,Finch,90,,
ST GEORGE TO GREENWOOD,ST GEORGE TO GREENWOOD,1,Greenwood,90,,
ST GEORGE TO PAPE,ST GEORGE TO PAPE,1,Pape,90,,
ST GEORGE TO QUEENS PA,ST GEORGE TO QUEENS PA,1,Queen,90,,
ST GEORGE TO SHEPPARD,ST GEORGE TO SHEPPARD,1,Sheppard–Yonge,86,,
ST GEORGE TO SPADINA,ST GEORGE TO SPADINA,1,Spadina,90,,
ST GEORGE/BEDFORD,ST GEORGE/BEDFORD,1,St. Clair,86,,
ST PATRICK STATION TO,ST PATRICK TO,1,St. Patrick,95,,
ST. CLAIR AND SHEPPARD,ST. CLAIR AND SHEPPARD,1,St. Clair,90,,
ST. CLAIR STATION (APP,ST. CLAIR (APP,1,St. Clair,90,,
ST. CLAIR TO BLOOR,ST. CLAIR TO BLOOR,1,St. Clair,90,,
ST. CLAIR TO COLLEGE S,ST. CLAIR TO COLLEGE S,1,St. Clair,90,,
ST. CLAIR TO FINCH STA,ST. CLAIR TO FINCH STA,1,Finch,90,,
ST. CLAIR WEST - KING,ST. CLAIR WEST - KING,1,St. Clair,90,,
ST. CLAIR WEST TO DUPO,ST. CLAIR WEST TO DUPO,1,St. Clair,90,,
ST. CLAIR WEST TO KING,ST. CLAIR WEST TO KING,1,St. Clair,90,,
ST. CLAIR WEST TO SHEP,ST. CLAIR WEST TO SHEP,1,St. Clair,90,,
ST. CLAIR WEST TO ST.,ST. CLAIR WEST TO ST.,1,St. Clair West,95,,
ST. GEORGE TO BROADVIE,ST. GEORGE TO BROADVIE,1,St. George,90,,
ST.CLAIR WEST TO ST.A,ST.CLAIR WEST TO ST.A,1,St. Clair West,87,,
ST.GEORGE STATION YU,ST.GEORGE YU,1,St. George,95,,
ST.GEORGE TO ST.ANDREW,ST.GEORGE TO ST.ANDREW,1,St. Clair,86,,
STATION,STATION,1,Bessarion,62,,
STC,STC,1,St. Clair,72,,
STC TO MCCOWAN STATION,STC TO MCCOWAN,1,Jane,60,,
STORM TRAINS LINE 1 YO,STORM TRAINS LINE 1 YO,1,Leslie,60,,
STORM TRAINS LINE 2 BL,STORM TRAINS LINE 2 BL,1,Leslie,60,,
STR. CLAIR WEST STATIO,STR. CLAIR WEST,1,St. Clair West,97,1,
SUBWAY CLOSURE,SUBWAY CLOSURE,1,Bay,68,,
SUBWAY CLOSURE - JANE,SUBWAY CLOSURE - JANE,1,Jane,90,,
SUBWAY CLOSURE - WILSO,SUBWAY CLOSURE - WILSO,1,Wilson,82,,
SUBWAY CLOSURE BLOOR-D,SUBWAY CLOSURE BLOOR-D,1,Bloor–Yonge,86,,
SUBWAY CLOSURE EARLY A,SUBWAY CLOSURE EARLY A,1,Bay,68,,
SUBWAY CLOSURE: WARDEN,SUBWAY CLOSURE: WARDEN,1,Warden,90,,
SUBWAY CLOSURE: WEEKEN,SUBWAY CLOSURE: WEEKEN,1,Queen,60,,
SUBWAY CLOSURE: WOODBI,SUBWAY CLOSURE: WOODBI,1,Woodbine,77,,
SUBWAY LINE 1 YONGE -,SUBWAY LINE 1 YONGE -,1,Bloor–Yonge,86,,
SUBWAY OPERATIONS BLDG,SUBWAY OPERATIONS BLDG,1,Bay,68,,
SUBWAY OPERATIONS BUIL,SUBWAY OPERATIONS BUIL,1,Bay,68,,
SUBWAY: LINE 1 (YONGE-,SUBWAY: LINE 1 (YONGE-,1,Sheppard–Yonge,86,,
SUMMER HILL STATION,SUMMER HILL,1,Summerhill,95,,
SUMMERHILL STATION TO,SUMMERHILL TO,1,Summerhill,95,,
SUMMERHILL TO BLOOR,SUMMERHILL TO BLOOR,1,Summerhill,90,,
SUMMERHILL TO BLOOR ST,SUMMERHILL TO BLOOR ST,1,Summerhill,90,,
SYSTEM - WIDE IN THE O,SYSTEM - WIDE IN THE O,1,O'Connor,86,,
TETRA RADIO ZONE YU/SH,TETRA RADIO ZONE YU/SH,1,Jane,57,,
THE POND EMERGENCY EXI,THE POND EMERGENCY EXI,1,Emery,76,,
TMU - QUEEN STATION,TMU - QUEEN,1,TMU,90,,
TMU STATION (APPROACHI,TMU (APPROACHI,1,TMU,90,,
TMU STATION- WEST SIDE,TMU- WEST SIDE,1,TMU,90,,
TORO RD EE,TORO RD EE,1,Emery,57,,
TORONTO TRANIST COMMIS,TORONTO TRANIST COMMIS,1,Tobermory,55,,
TORONTO TRANSIC COMMIS,TORONTO TRANSIC COMMIS,1,Tobermory,55,,
TORONTO TRANSIT COMMII,TORONTO TRANSIT COMMII,1,Tobermory,55,,
TOROTOTO TRANSIT COMMI,TOROTOTO TRANSIT COMMI,1,Tobermory,55,,
TYSSE LINE,TYSSE LINE,1,Jane,60,,
UNION,UNION,1,Union,100,1,
UNION (TO FINCH),UNION (TO FINCH),1,Finch,90,,
UNION - TO ST ANDREW,UNION - TO ST ANDREW,1,Union,90,,
UNION - UNIVERSITY,UNION - UNIVERSITY,1,Union,90,,
UNION AND DOWNSVIEW,UNION AND DOWNSVIEW,1,Union,90,,
UNION AND HIGHWAY 407,UNION AND HIGHWAY 407,1,Union,90,,
UNION AND LESLIE,UNION AND LESLIE,1,Union,90,,
UNION CENTRE TRACK,UNION CENTRE TRACK,1,Union,90,,
UNION HUB,UNION HUB,1,Union,90,,
UNION STATION ( TOWARD,UNION ( TOWARD,1,Union,90,,
UNION STATION (APPROAC,UNION (APPROAC,1,Union,90,,
UNION STATION (DOWNSVI,UNION (DOWNSVI,1,Union,90,,
UNION STATION (ENTERIN,UNION (ENTERIN,1,Union,90,,
UNION STATION (KING),UNION (KING),1,King,90,,
UNION STATION (QUEENS,UNION (QUEENS,1,Queen,90,,
UNION STATION (TO ST.A,UNION (TO ST.A,1,Union,90,,
UNION STATION (YONGE L,UNION (YONGE L,1,Union,90,,
UNION STATION - BOOTH,UNION - BOOTH,1,Union,90,,
UNION STATION - FINCH,UNION - FINCH,1,Finch,90,,
UNION STATION - HUB,UNION - HUB,1,Union,90,,
UNION STATION - KING S,UNION - KING S,1,King,90,,
UNION STATION - NB TO,UNION - NB TO,1,Union,90,,
UNION STATION - SALES,UNION - SALES,1,Union,90,,
UNION STATION - TOWARD,UNION - TOWARD,1,Union,90,,
UNION STATION BROOKFIE,UNION BROOKFIE,1,Union,90,,
UNION STATION FROM KIN,UNION FROM KIN,1,Union,90,,
UNION STATION HUB,UNION HUB,1,Union,90,,
UNION STATION TO ST A,UNION TO ST A,1,Union,90,,
UNION STATION TO ST CL,UNION TO ST CL,1,Union,90,,
UNION STATION TO VMC,UNION TO VMC,1,Union,90,,
UNION STATION TOWARD S,UNION TOWARD S,1,Union,90,,
UNION STATION(TOWARD K,UNION(TOWARD K,1,Union,90,,
UNION STATION- ST ANDR,UNION- ST ANDR,1,Union,90,,
UNION STATION- TO KING,UNION- TO KING,1,King,90,,
UNION STATION- UNIVERS,UNION- UNIVERS,1,Union,90,,
UNION STATION--ST ANDR,UNION--ST ANDR,1,Union,90,,
UNION STATION-KING,UNION-KING,1,King,90,,
UNION TO BLOOR,UNION TO BLOOR,1,Union,90,,
UNION TO BLOOR STATION,UNION TO BLOOR,1,Union,90,,
UNION TO MAIN STREET,UNION TO MAIN STREET,1,Union,90,,
UNION TO SHEPPARD WEST,UNION TO SHEPPARD WEST,1,Union,90,,
UNION TO ST CLAIR WEST,UNION TO ST CLAIR WEST,1,Union,90,,
UNION TO ST GEORGE,UNION TO ST GEORGE,1,Union,90,,
UNION TO ST. ANDREW,UNION TO ST. ANDREW,1,Union,90,,
UNION TO ST. ANDREW ST,UNION TO ST. ANDREW ST,1,Union,90,,
UNION TO WILSON,UNION TO WILSON,1,Union,90,,
UNION TOWARDS TO KING,UNION TOWARDS TO KING,1,King,90,,
UNIVERSITY AND QUEEN,UNIVERSITY AND QUEEN,1,Queen,90,,
VARIOUS LOCATION,VARIOUS LOCATION,1,Union,68,,
VARIOUS LOCATIONS LINE,VARIOUS LOCATIONS LINE,1,Jane,60,,
VARIOUS STATIONS,VARIOUSS,1,Bessarion,47,,
VARIOUS STATIONS - SYS,VARIOUSS - SYS,1,Bessarion,57,,
VAUGHAN MC STATIO,VAUGHAN MC,1,Vaughan,95,,
VAUGHAN MC STATION (PL,VAUGHAN MC (PL,1,Vaughan,90,,
VAUGHAN MC STATION TO,VAUGHAN MC TO,1,Vaughan,90,,
VAUGHAN MC TO FINCH ST,VAUGHAN MC TO FINCH ST,1,Finch,90,,
VAUGHAN MC TO FINCH WE,VAUGHAN MC TO FINCH WE,1,Finch,90,,
VAUGHAN MC TO MUSEUM S,VAUGHAN MC TO MUSEUM S,1,Museum,90,,
VIADUCT,VIADUCT,1,Victoria Park,65,,
VICTORIA PARK,VICTORIA PARK,1,Victoria Park,100,1,
VICTORIA PARK - WARDEN,VICTORIA PARK - WARDEN,1,Victoria Park,90,,
VMC - ST CLAIR,VMC - ST CLAIR,1,St. Clair,86,,
VMC AND FINCH WEST STA,VMC AND FINCH WEST STA,1,Finch,90,,
VMC STATION ( PLAT 2 ),VMC ( PLAT 2 ),1,Mount Pleasant,46,,
VMC STATION (ENTERING),VMC (ENTERING),1,King,77,,
VMC STATION (PLAT 1),VMC (PLAT 1),1,Mount Pleasant,48,,
VMC STATION (PLATFORM),VMC (PLATFORM),1,St. Patrick,50,,
VMC STATION - PLAT 1,VMC - PLAT 1,1,Mount Pleasant,46,,
VMC STATION PL 1,VMC PL 1,1,Mount Pleasant,45,,
VMC STATION PL 2,VMC PL 2,1,Mount Pleasant,45,,
VMC STATION PLAT 1,VMC PLAT 1,1,Mount Pleasant,50,,
VMC STATION PLAT 2,VMC PLAT 2,1,Mount Pleasant,50,,
VMC STATION TO PIONEER,VMC TO PIONEER,1,Emery,68,,
VMC STATION TO SHEPPAR,VMC TO SHEPPAR,1,Sheppard West,63,,
VMC STATION- PLAT 2,VMC- PLAT 2,1,Mount Pleasant,48,,
VMC TO LAWRENCE,VMC TO LAWRENCE,1,Lawrence,90,,
VMC TO PIONEER VILLAGE,VMC TO PIONEER VILLAGE,1,Pioneer Village,95,,
VMC TO SHEPPARD WEST,VMC TO SHEPPARD WEST,1,Sheppard West,90,,
W/O CASTLE FRANK TO GR,W/O CASTLE FRANK TO GR,1,Castle Frank,90,,
W/O WARDEN TO E/O KENN,W/O WARDEN TO E/O KENN,1,Warden,90,,
WARDEN AND KENNEDY,WARDEN AND KENNEDY,1,Warden,90,,
WARDEN AND ST CLAIR,WARDEN AND ST CLAIR,1,Warden,90,,
WARDEN STATION (APPR,WARDEN (APPR,1,Warden,90,,
WARDEN STATION TO KENN,WARDEN TO KENN,1,Warden,90,,
WARDEN TO KENNEDY STAT,WARDEN TO KENNEDY STAT,1,Warden,90,,
WEEKEND CLOSURE - WOOD,WEEKEND CLOSURE - WOOD,1,Oakwood,65,,
WEEKEND CLOSURE ISLING,WEEKEND CLOSURE ISLING,1,King,77,,
WEEKEND CLOSURE SHEPPA,WEEKEND CLOSURE SHEPPA,1,Kennedy,62,,
WEEKEND CLOSURE- ST AN,WEEKEND CLOSURE- ST AN,1,St. Clair,86,,
WEEKEND CLOSURE- ST GE,WEEKEND CLOSURE- ST GE,1,St. Clair,86,,
WELBECK,WELBECK,1,Wellesley,50,,
WELBECK EE,WELBECK EE,1,Keele,60,,
WELBECK EMERGENCY EXIT,WELBECK EMERGENCY EXIT,1,Emery,76,,
WELLBECK EE,WELLBECK EE,1,Coxwell,65,,
WELLBECK EMERGENCY,WELLBECK EMERGENCY,1,Emery,76,,
WELLESLEY STATION (APP,WELLESLEY (APP,1,Wellesley,90,,
WELLESLEY TO COLLEGE,WELLESLEY TO COLLEGE,1,Wellesley,90,,
WELLSELEY STATION,WELLSELEY,1,Wellesley,89,,
WELLSLEY STATION,WELLSLEY,1,Wellesley,94,1,
WILFRED EE,WILFRED EE,1,Wilson,60,,
WILFRED EEB,WILFRED EEB,1,Wilson,60,,
WILSON - ST CLAIR WEST,WILSON - ST CLAIR WEST,1,Wilson,90,,
WILSON CAPITAL SHOP,WILSON CAPITAL SHOP,1,Wilson,90,,
WILSON COMPEX TRAINING,WILSON COMPEX TRAINING,1,Wilson,90,,
WILSON DIVISION - 2ND,WILSON DIVISION - 2ND,1,Wilson,90,,
WILSON DIVISION TRAILE,WILSON DIVISION TRAILE,1,Wilson,90,,
WILSON HOLSER,WILSON HOLSER,1,Wilson,90,,
WILSON HOSTLER - 2,WILSON HOSTLER - 2,1,Wilson,90,,
WILSON HOSTLER 2,WILSON HOSTLER 2,1,Wilson,90,,
WILSON HUSTLER ONE,WILSON HUSTLER ONE,1,Wilson,90,,
WILSON PLANT T&S,WILSON PLANT T&S,1,Wilson,90,,
WILSON SOUTH HOSLER,WILSON SOUTH HOSLER,1,Wilson,90,,
WILSON STATION (EXITIN,WILSON (EXITIN,1,Wilson,90,,
WILSON STATION (ON THE,WILSON (ON THE,1,Wilson,90,,
WILSON STATION APPROAC,WILSON APPROAC,1,Wilson,90,,
WILSON STATION TO VMC,WILSON TO VMC,1,Wilson,90,,
WILSON STATION TO YORK,WILSON TO YORK,1,Wilson,90,,
WILSON STATION- HOSTLE,WILSON- HOSTLE,1,Wilson,90,,
WILSON STRUCTURE BUILD,WILSON STRUCTURE BUILD,1,Wilson,90,,
WILSON SUB STATION,WILSON SUB,1,Wilson,90,,
WILSON SUBWAY YARD,WILSON SUBWAY YARD,1,Wilson,90,,
WILSON T & S,WILSON T & S,1,Wilson,90,,
WILSON T&S BUILDING,WILSON T&S BUILDING,1,Wilson,90,,
WILSON TO EGLINTON,WILSON TO EGLINTON,1,Eglinton,90,,
WILSON TO ST CLAIR STA,WILSON TO ST CLAIR STA,1,Wilson,90,,
WILSON TO YORKDALE,WILSON TO YORKDALE,1,Yorkdale,90,,
WILSON TRACK & STRUCTU,WILSON TRACK & STRUCTU,1,Wilson,90,,
WILSON TRAINING BUILDI,WILSON TRAINING BUILDI,1,Wilson,90,,
WILSON TRAINING CENTER,WILSON TRAINING CENTER,1,Wilson,90,,
WILSON TRAINING CENTRE,WILSON TRAINING CENTRE,1,Wilson,90,,
WILSON YARD (SOUTH TAI,WILSON YARD (SOUTH TAI,1,Wilson,90,,
WILSON YARD (TRACK 43),WILSON YARD (TRACK 43),1,Wilson,90,,
WILSON YARD - 26 TRACK,WILSON YARD - 26 TRACK,1,Wilson,90,,
WILSON YARD - WALKWAY,WILSON YARD - WALKWAY,1,Wilson,90,,
WILSON YARD HOSTLER #2,WILSON YARD HOSTLER #2,1,Wilson,90,,
WILSON YARD HOSTLER 2,WILSON YARD HOSTLER 2,1,Wilson,90,,
WILSON YARD NORTH HOST,WILSON YARD NORTH HOST,1,Wilson,90,,
WILSON YARD PLANT BUIL,WILSON YARD PLANT BUIL,1,Wilson,90,,
WILSON YARD TRACK 3,WILSON YARD TRACK 3,1,Wilson,90,,
WILSON YARD- WILSON GA,WILSON YARD- WILSON GA,1,Wilson,90,,
WISLON STATION,WISLON,1,Wilson,83,,
WOODBINE - KENNEDY,WOODBINE - KENNEDY,1,Woodbine,90,,
WOODBINE STATION LEAVI,WOODBINE LEAVI,1,Woodbine,90,,
WOODBINE STATION TO BR,WOODBINE TO BR,1,Woodbine,90,,
WOODBINE STATION TO CO,WOODBINE TO CO,1,Woodbine,90,,
WOODBINE TO COXWELL,WOODBINE TO COXWELL,1,Coxwell,90,,
WOODBINE TO ST.GEORGE,WOODBINE TO ST.GEORGE,1,Woodbine,90,,
YARD SWITCH - BD CHECK,YARD SWITCH - BD CHECK,1,Laird,64,,
YONGE & BLOOR STATION,YONGE & BLOOR,1,Bloor–Yonge,95,,
YONGE - SHEPPARD (LEAV,YONGE - SHEPPARD (LEAV,1,Sheppard–Yonge,86,,
YONGE - UNIVERSITY BLO,YONGE - UNIVERSITY BLO,1,Sheppard–Yonge,86,,
YONGE - UNIVERSITY- SP,YONGE - UNIVERSITY- SP,1,Sheppard–Yonge,86,,
YONGE - UNIVERSITY/BLO,YONGE - UNIVERSITY/BLO,1,Sheppard–Yonge,86,,
YONGE / UNIVERSITY - B,YONGE / UNIVERSITY - B,1,Sheppard–Yonge,86,,
YONGE / UNIVERSITY - L,YONGE / UNIVERSITY - L,1,Sheppard–Yonge,86,,
YONGE / UNIVERSITY / S,YONGE / UNIVERSITY / S,1,Sheppard–Yonge,86,,
YONGE 1,YONGE 1,1,Sheppard–Yonge,86,,
YONGE AND BLOOR STATIO,YONGE AND BLOOR,1,Bloor–Yonge,95,,
YONGE AND EGLINTON (EG,YONGE AND EGLINTON (EG,1,Eglinton,90,,
YONGE AND QUEEN,YONGE AND QUEEN,1,Queen,90,,
YONGE AND STEELES,YONGE AND STEELES,1,Bloor–Yonge,86,,
YONGE AND UNIVERSITY S,YONGE AND UNIVERSITY S,1,Sheppard–Yonge,86,,
YONGE AUTO ENTRANCE,YONGE AUTO ENTRANCE,1,Bloor–Yonge,86,,
YONGE BD STATION (ON R,YONGE BD (ON R,1,Bloor–Yonge,71,,
YONGE BD STATION BOOTH,YONGE BD BOOTH,1,Bloor–Yonge,68,,
YONGE BD STATION LEAVI,YONGE BD LEAVI,1,Bloor–Yonge,61,,
YONGE BD STATION TO CO,YONGE BD TO CO,1,Bloor–Yonge,68,,
YONGE SHEPPARD SATATIO,YONGE SHEPPARD SATATIO,1,Sheppard–Yonge,86,,
YONGE SHEPPARD TO EGLI,YONGE SHEPPARD TO EGLI,1,Sheppard–Yonge,86,,
YONGE STATION (EXITING,YONGE (EXITING,1,King,77,,
YONGE STATION TO CHEST,YONGE TO CHEST,1,Chester,75,,
YONGE STATION TO GREEN,YONGE TO GREEN,1,Queen,68,,
YONGE TO COXWELL STATI,YONGE TO COXWELL STATI,1,Coxwell,90,,
YONGE UNIVERISTY LINE,YONGE UNIVERISTY LINE,1,Sheppard–Yonge,86,,
YONGE UNIVERISTY SUBWA,YONGE UNIVERISTY SUBWA,1,Sheppard–Yonge,86,,
YONGE UNIVERSITTY - BL,YONGE UNIVERSITTY - BL,1,Sheppard–Yonge,86,,
YONGE UNIVERSITY - SPA,YONGE UNIVERSITY - SPA,1,Sheppard–Yonge,86,,
YONGE UNIVERSITY LINE/,YONGE UNIVERSITY LINE/,1,Sheppard–Yonge,86,,
YONGE UNIVERSITY/ BLOO,YONGE UNIVERSITY/ BLOO,1,Sheppard–Yonge,86,,
YONGE UNIVERVISTY SUBW,YONGE UNIVERVISTY SUBW,1,Sheppard–Yonge,86,,
YONGE UNIVESITY AND BL,YONGE UNIVESITY AND BL,1,Sheppard–Yonge,86,,
YONGE UNIVESITY LINE 1,YONGE UNIVESITY LINE 1,1,Sheppard–Yonge,86,,
YONGE UNIVRESITY/BLOOR,YONGE UNIVRESITY/BLOOR,1,Sheppard–Yonge,86,,
YONGE UNVERSITY SUBWAY,YONGE UNVERSITY SUBWAY,1,Sheppard–Yonge,86,,
YONGE- UNIVERSITY SPAD,YONGE- UNIVERSITY SPAD,1,Sheppard–Yonge,86,,
YONGE- UNIVERSTIY AND,YONGE- UNIVERSTIY AND,1,Sheppard–Yonge,86,,
YONGE-DUNDAS SQUARE,YONGE-DUNDAS SQUARE,1,Bloor–Yonge,86,,
YONGE-SHEPPARD (LINE 4,YONGE-SHEPPARD (LINE 4,1,Sheppard–Yonge,86,,
YONGE-SHEPPARD STATION,YONGE-SHEPPARD,1,Sheppard–Yonge,95,,
YONGE-UNIVERISTY & BLO,YONGE-UNIVERISTY & BLO,1,Sheppard–Yonge,86,,
YONGE-UNIVERISTY-SPADI,YONGE-UNIVERISTY-SPADI,1,Sheppard–Yonge,86,,
YONGE-UNIVERSITY / BLO,YONGE-UNIVERSITY / BLO,1,Sheppard–Yonge,86,,
YONGE-UNIVERSITY AND,YONGE-UNIVERSITY AND,1,Bloor–Yonge,86,,
YONGE-UNIVERSITY SUBW,YONGE-UNIVERSITY SUBW,1,Sheppard–Yonge,86,,
YONGE-UNIVERSTY AND BL,YONGE-UNIVERSTY AND BL,1,Sheppard–Yonge,86,,
YONGE/SHEPPARD,YONGE/SHEPPARD,1,Sheppard–Yonge,95,,
YONGE/UINVERSITY & BLO,YONGE/UINVERSITY & BLO,1,Sheppard–Yonge,86,,
YONGE/UNIVERISITY-BLOO,YONGE/UNIVERISITY-BLOO,1,Sheppard–Yonge,86,,
YONGE/UNIVERSITY & BLO,YONGE/UNIVERSITY & BLO,1,Sheppard–Yonge,86,,
YONGE/UNIVERSITY BLOOR,YONGE/UNIVERSITY BLOOR,1,Sheppard–Yonge,86,,
YONGE/UNIVERSITY-SPADI,YONGE/UNIVERSITY-SPADI,1,Sheppard–Yonge,86,,
YONGE/UNIVERSITY/ BLOO,YONGE/UNIVERSITY/ BLOO,1,Sheppard–Yonge,86,,
YONGE/UNIVESITY AND BL,YONGE/UNIVESITY AND BL,1,Sheppard–Yonge,86,,
YOONGE-UNIVERSITY SUBW,YOONGE-UNIVERSITY SUBW,1,York University,76,,
YORK MILLS,YORK MILLS,1,York Mills,100,1,
YORK MILLS (APPROACHIN,YORK MILLS (APPROACHIN,1,York Mills,90,,
YORK MILLS AND EGLINTO,YORK MILLS AND EGLINTO,1,York Mills,90,,
YORK MILLS CENTRE,YORK MILLS CENTRE,1,York Mills,90,,
YORK MILLS STATION (A,YORK MILLS (A,1,York Mills,95,,
YORK MILLS STATION (EN,YORK MILLS (EN,1,York Mills,95,,
YORK MILLS STATION - C,YORK MILLS - C,1,York Mills,95,,
YORK MILLS STATION TO,YORK MILLS TO,1,York Mills,95,,
YORK MILLS STATION [,YORK MILLS [,1,York Mills,100,1,
YORK MILLS STATION(APP,YORK MILLS(APP,1,York Mills,95,,
YORK MILLS TO EGLINTON,YORK MILLS TO EGLINTON,1,York Mills,90,,
YORK MILLS TO LAWRENCE,YORK MILLS TO LAWRENCE,1,York Mills,90,,
YORK MILLS TO SHEPPARD,YORK MILLS TO SHEPPARD,1,York Mills,90,,
YORK MILLS TO ST. CLAI,YORK MILLS TO ST. CLAI,1,York Mills,90,,
YORK UNIVERISTY STATIO,YORK UNIVERISTY,1,York University,93,1,
YORK UNIVERISTY TO PIO,YORK UNIVERISTY TO PIO,1,York Mills,86,,
YORK UNIVERSITY,YORK UNIVERSITY,1,York University,100,1,
YORKDALE STATION (APPR,YORKDALE (APPR,1,Yorkdale,90,,
YORKDALE STATION (EXIT,YORKDALE (EXIT,1,Yorkdale,90,,
YORKDALE TO DUPONT STA,YORKDALE TO DUPONT STA,1,Dupont,90,,
YORKDALE TO FINCH STAT,YORKDALE TO FINCH STAT,1,Finch,90,,
YORKDALE TO LAWRENCE W,YORKDALE TO LAWRENCE W,1,Lawrence,90,,
YORKDALE TO WILSON,YORKDALE TO WILSON,1,Yorkdale,90,,
YORKDLAE STATION,YORKDLAE,1,Yorkdale,88,,
YOUNG UNIVERSITY LINE,YOUNG UNIVERSITY LINE,1,York University,76,,
YOUNG-UNIVERSITY-SPADI,YOUNG-UNIVERSITY-SPADI,1,York University,76,,
YOUNGE UNIVERSITY LINE,YOUNGE UNIVERSITY LINE,1,York University,76,,
YOUNGE UNIVERSITY SPAD,YOUNGE UNIVERSITY SPAD,1,York University,76,,
YOUNGE-UNIVERSITY-SPAD,YOUNGE-UNIVERSITY-SPAD,1,York University,76,,
YU & BD,YU & BD,1,Sheppard–Yonge,51,,
YU & BD LINES,YU & BD LINES,1,Jane,51,,
YU LINE,YU LINE,1,Jane,60,,
YU-ST CLAIR STATION TO,YU-ST CLAIR TO,1,St. Clair,86,,
YUS AND BD SUBWAY,YUS AND BD SUBWAY,1,Bay,72,,
YUS AND BLOOR DANFORTH,YUS AND BLOOR DANFORTH,1,Bloor–Yonge,86,,
YUS LINE,YUS LINE,1,Jane,60,,
YUS/ BD,YUS/ BD,1,St. Patrick,49,,
YUS/BD,YUS/BD,1,Dundas West,45,,
YUS/BD/SRT,YUS/BD/SRT,1,Dundas West,48,,
ZONE 1,ZONE 1,1,Pioneer Village,60,,
ZONE 2,ZONE 2,1,Pioneer Village,60,,